2018-05-01 07:22:00,null,null,open,closed,inactive,inactive,null
2018-05-01 07:22:01,null,null,open,closed,inactive,inactive,null
2018-05-01 07:22:02,null,null,open,closed,inactive,inactive,null
2018-05-01 07:22:03,null,null,open,closed,inactive,inactive,null
2018-05-01 07:22:04,null,null,open,closed,inactive,inactive,null
2018-05-01 07:22:05,null,null,open,closed,inactive,inactive,null
2018-05-01 07:22:06,null,null,open,closed,inactive,inactive,null
2018-05-01 07:22:07,null,null,open,closed,inactive,inactive,null
2018-05-01 07:22:08,null,null,open,closed,inactive,inactive,null
2018-05-01 07:22:09,null,null,open,closed,inactive,inactive,null
2018-05-01 07:22:10,null,null,open,closed,inactive,inactive,null
2018-05-01 07:22:11,null,null,open,closed,inactive,inactive,null
2018-05-01 07:22:12,null,null,open,closed,inactive,inactive,null
2018-05-01 07:22:13,null,null,open,closed,inactive,inactive,null
2018-05-01 07:22:14,null,null,open,closed,inactive,inactive,null
2018-05-01 07:22:15,null,null,open,closed,inactive,inactive,null
2018-05-01 07:22:16,putting on a jacket,standing,open,closed,inactive,inactive,Clothing
2018-05-01 07:22:17,putting on a jacket,standing,open,closed,inactive,inactive,Clothing
2018-05-01 07:22:18,putting on a jacket,standing,open,closed,inactive,inactive,Clothing
2018-05-01 07:22:19,putting on a jacket,standing,open,closed,inactive,inactive,Clothing
2018-05-01 07:22:20,putting on a jacket,standing,open,closed,inactive,inactive,Clothing
2018-05-01 07:22:21,putting on a jacket,standing,open,closed,inactive,inactive,Clothing
2018-05-01 07:22:22,putting on a jacket,standing,open,closed,inactive,inactive,Clothing
2018-05-01 07:22:23,putting on a jacket,standing,open,closed,inactive,inactive,Clothing
2018-05-01 07:22:24,putting on a jacket,standing,open,closed,inactive,inactive,Clothing
2018-05-01 07:22:25,putting on a jacket,standing,open,closed,inactive,inactive,Clothing
2018-05-01 07:22:26,putting on a jacket,standing,open,closed,inactive,inactive,Clothing
2018-05-01 07:22:27,putting on a jacket,standing,open,closed,inactive,inactive,Clothing
2018-05-01 07:22:28,putting on a jacket,standing,open,closed,inactive,inactive,Clothing
2018-05-01 07:22:29,putting on a jacket,standing,open,closed,inactive,inactive,Clothing
2018-05-01 07:22:30,putting on a jacket,standing,open,closed,inactive,inactive,Clothing
2018-05-01 07:22:31,putting on a jacket,standing,open,closed,inactive,inactive,Clothing
2018-05-01 07:22:32,putting on a jacket,standing,open,closed,inactive,inactive,Clothing
2018-05-01 07:22:33,putting on a jacket,standing,open,closed,inactive,inactive,Clothing
2018-05-01 07:22:34,putting on a jacket,standing,open,closed,inactive,inactive,Clothing
2018-05-01 07:22:35,putting on a jacket,standing,open,closed,inactive,inactive,Clothing
2018-05-01 07:22:36,putting on a jacket,standing,open,closed,inactive,inactive,Clothing
2018-05-01 07:22:37,putting on a jacket,standing,open,closed,inactive,inactive,Clothing
2018-05-01 07:22:38,putting on a jacket,standing,open,closed,inactive,inactive,Clothing
2018-05-01 07:22:39,putting on a jacket,standing,open,closed,inactive,inactive,Clothing
2018-05-01 07:22:40,putting on a jacket,standing,open,closed,inactive,inactive,Clothing
2018-05-01 07:22:41,putting on a jacket,standing,open,closed,inactive,inactive,Clothing
2018-05-01 07:22:42,putting on a jacket,standing,open,closed,inactive,inactive,Clothing
2018-05-01 07:22:43,putting on a jacket,standing,open,closed,inactive,inactive,Clothing
2018-05-01 07:22:44,putting on a jacket,standing,open,closed,inactive,inactive,Clothing
2018-05-01 07:22:45,putting on a jacket,standing,open,closed,inactive,inactive,Clothing
2018-05-01 07:22:46,putting on a jacket,standing,open,closed,inactive,inactive,Clothing
2018-05-01 07:22:47,putting on a jacket,standing,open,closed,inactive,inactive,Clothing
2018-05-01 07:22:48,putting on a jacket,standing,open,closed,inactive,inactive,Clothing
2018-05-01 07:22:49,putting on a jacket,standing,open,closed,inactive,inactive,Clothing
2018-05-01 07:22:50,putting on a jacket,standing,open,closed,inactive,inactive,Clothing
2018-05-01 07:22:51,putting on a jacket,standing,open,closed,inactive,inactive,Clothing
2018-05-01 07:22:52,putting on a jacket,standing,open,closed,inactive,inactive,Clothing
2018-05-01 07:22:53,putting on a jacket,standing,open,closed,inactive,inactive,Clothing
2018-05-01 07:22:54,putting on a jacket,standing,open,closed,inactive,inactive,Clothing
2018-05-01 07:22:55,putting on a jacket,standing,open,closed,inactive,inactive,Clothing
2018-05-01 07:22:56,putting on a jacket,standing,open,closed,inactive,inactive,Clothing
2018-05-01 07:22:57,putting on a jacket,standing,open,closed,inactive,inactive,Clothing
2018-05-01 07:22:58,putting on a jacket,standing,open,closed,inactive,inactive,Clothing
2018-05-01 07:22:59,putting on a jacket,standing,open,closed,inactive,inactive,Clothing
2018-05-01 07:23:00,null,null,open,closed,inactive,inactive,null
2018-05-01 07:23:01,null,null,open,closed,inactive,inactive,null
2018-05-01 07:23:02,null,null,open,closed,inactive,inactive,null
2018-05-01 07:23:03,null,null,open,closed,inactive,inactive,null
2018-05-01 07:23:04,null,null,open,closed,inactive,inactive,null
2018-05-01 07:23:05,null,null,open,closed,inactive,inactive,null
2018-05-01 07:23:06,null,null,open,closed,inactive,inactive,null
2018-05-01 07:23:07,null,null,open,closed,inactive,inactive,null
2018-05-01 07:23:08,null,null,open,closed,inactive,inactive,null
2018-05-01 07:23:09,null,null,open,closed,inactive,inactive,null
2018-05-01 07:23:10,null,null,open,closed,inactive,inactive,null
2018-05-01 07:23:11,null,null,open,closed,inactive,inactive,null
2018-05-01 07:23:12,null,null,open,closed,inactive,inactive,null
2018-05-01 07:23:13,null,null,open,closed,inactive,inactive,null
2018-05-01 07:23:14,null,null,open,closed,inactive,inactive,null
2018-05-01 07:23:15,null,null,open,closed,inactive,inactive,null
2018-05-01 07:23:16,null,null,open,closed,inactive,inactive,null
2018-05-01 07:23:17,null,null,open,closed,inactive,inactive,null
2018-05-01 07:23:18,null,null,open,closed,inactive,inactive,null
2018-05-01 07:23:19,null,null,open,closed,inactive,inactive,null
2018-05-01 07:23:20,null,null,open,closed,inactive,inactive,null
2018-05-01 07:23:21,null,null,open,closed,inactive,inactive,null
2018-05-01 07:23:22,null,null,open,closed,inactive,inactive,null
2018-05-01 07:23:23,null,null,open,closed,inactive,inactive,null
2018-05-01 07:23:24,null,null,open,closed,inactive,inactive,null
2018-05-01 07:23:25,null,null,open,closed,inactive,inactive,null
2018-05-01 07:23:26,null,null,open,closed,inactive,inactive,null
2018-05-01 07:23:27,null,null,open,closed,inactive,inactive,null
2018-05-01 07:23:28,null,null,open,closed,inactive,inactive,null
2018-05-01 07:23:29,null,null,open,closed,inactive,inactive,null
2018-05-01 07:23:30,null,null,open,closed,inactive,inactive,null
2018-05-01 07:23:31,null,null,open,closed,inactive,inactive,null
2018-05-01 07:23:32,null,null,open,closed,inactive,inactive,null
2018-05-01 07:23:33,null,null,open,closed,inactive,inactive,null
2018-05-01 07:23:34,null,null,open,closed,inactive,inactive,null
2018-05-01 07:23:35,null,null,open,closed,inactive,inactive,null
2018-05-01 07:23:36,null,null,open,closed,inactive,inactive,null
2018-05-01 07:23:37,null,null,open,closed,inactive,inactive,null
2018-05-01 07:23:38,null,null,open,closed,inactive,inactive,null
2018-05-01 07:23:39,null,null,open,closed,inactive,inactive,null
2018-05-01 07:23:40,null,null,open,closed,inactive,inactive,null
2018-05-01 07:23:41,null,null,open,closed,inactive,inactive,null
2018-05-01 07:23:42,null,null,open,closed,inactive,inactive,null
2018-05-01 07:23:43,null,null,open,closed,inactive,inactive,null
2018-05-01 07:23:44,null,null,open,closed,inactive,inactive,null
2018-05-01 07:23:45,null,null,open,closed,inactive,inactive,null
2018-05-01 07:23:46,null,null,open,closed,inactive,inactive,null
2018-05-01 07:23:47,null,null,open,closed,inactive,inactive,null
2018-05-01 07:23:48,null,null,open,closed,inactive,inactive,null
2018-05-01 07:23:49,null,null,open,closed,inactive,inactive,null
2018-05-01 07:23:50,null,null,open,closed,inactive,inactive,null
2018-05-01 07:23:51,null,null,open,closed,inactive,inactive,null
2018-05-01 07:23:52,null,null,open,closed,inactive,inactive,null
2018-05-01 07:23:53,null,null,open,closed,inactive,inactive,null
2018-05-01 07:23:54,null,null,open,closed,inactive,inactive,null
2018-05-01 07:23:55,null,null,open,closed,inactive,inactive,null
2018-05-01 07:23:56,null,null,open,closed,inactive,inactive,null
2018-05-01 07:23:57,null,null,open,closed,inactive,inactive,null
2018-05-01 07:23:58,null,null,open,closed,inactive,inactive,null
2018-05-01 07:23:59,null,null,open,closed,inactive,inactive,null
2018-05-01 07:24:00,null,null,open,closed,inactive,inactive,null
2018-05-01 07:24:01,null,null,open,closed,inactive,inactive,null
2018-05-01 07:24:02,null,null,open,closed,inactive,inactive,null
2018-05-01 07:24:03,null,null,open,closed,inactive,inactive,null
2018-05-01 07:24:04,null,null,open,closed,inactive,inactive,null
2018-05-01 07:24:05,null,null,open,closed,inactive,inactive,null
2018-05-01 07:24:06,null,null,open,closed,inactive,inactive,null
2018-05-01 07:24:07,null,null,open,closed,inactive,inactive,null
2018-05-01 07:24:08,null,null,open,closed,inactive,inactive,null
2018-05-01 07:24:09,null,null,open,closed,inactive,inactive,null
2018-05-01 07:24:10,null,null,open,closed,inactive,inactive,null
2018-05-01 07:24:11,null,null,open,closed,inactive,inactive,null
2018-05-01 07:24:12,null,null,open,closed,inactive,inactive,null
2018-05-01 07:24:13,null,null,open,closed,inactive,inactive,null
2018-05-01 07:24:14,null,null,open,closed,inactive,inactive,null
2018-05-01 07:24:15,null,null,open,closed,inactive,inactive,null
2018-05-01 07:24:16,null,null,open,closed,inactive,inactive,null
2018-05-01 07:24:17,null,null,open,closed,inactive,inactive,null
2018-05-01 07:24:18,null,null,open,closed,inactive,inactive,null
2018-05-01 07:24:19,null,null,open,closed,inactive,inactive,null
2018-05-01 07:24:20,null,null,open,closed,inactive,inactive,null
2018-05-01 07:24:21,null,null,open,closed,inactive,inactive,null
2018-05-01 07:24:22,null,null,open,closed,inactive,inactive,null
2018-05-01 07:24:23,null,null,open,closed,inactive,inactive,null
2018-05-01 07:24:24,null,null,open,closed,inactive,inactive,null
2018-05-01 07:24:25,null,null,open,closed,inactive,inactive,null
2018-05-01 07:24:26,null,null,open,closed,inactive,inactive,null
2018-05-01 07:24:27,null,null,open,closed,inactive,inactive,null
2018-05-01 07:24:28,null,null,open,closed,inactive,inactive,null
2018-05-01 07:24:29,null,null,open,closed,inactive,inactive,null
2018-05-01 07:24:30,null,null,open,closed,inactive,inactive,null
2018-05-01 07:24:31,null,null,open,closed,inactive,inactive,null
2018-05-01 07:24:32,null,null,open,closed,inactive,inactive,null
2018-05-01 07:24:33,null,null,open,closed,inactive,inactive,null
2018-05-01 07:24:34,null,null,open,closed,inactive,inactive,null
2018-05-01 07:24:35,null,null,open,closed,inactive,inactive,null
2018-05-01 07:24:36,null,null,open,closed,inactive,inactive,null
2018-05-01 07:24:37,null,null,open,closed,inactive,inactive,null
2018-05-01 07:24:38,null,null,open,closed,inactive,inactive,null
2018-05-01 07:24:39,null,null,open,closed,inactive,inactive,null
2018-05-01 07:24:40,null,null,open,closed,inactive,inactive,null
2018-05-01 07:24:41,null,null,open,closed,inactive,inactive,null
2018-05-01 07:24:42,null,null,open,closed,inactive,inactive,null
2018-05-01 07:24:43,null,null,open,closed,inactive,inactive,null
2018-05-01 07:24:44,null,null,open,closed,inactive,inactive,null
2018-05-01 07:24:45,null,null,open,closed,inactive,inactive,null
2018-05-01 07:24:46,null,null,open,closed,inactive,inactive,null
2018-05-01 07:24:47,null,null,open,closed,inactive,inactive,null
2018-05-01 07:24:48,null,null,open,closed,inactive,inactive,null
2018-05-01 07:24:49,null,null,open,closed,inactive,inactive,null
2018-05-01 07:24:50,null,null,open,closed,inactive,inactive,null
2018-05-01 07:24:51,null,null,open,closed,inactive,inactive,null
2018-05-01 07:24:52,null,null,open,closed,inactive,inactive,null
2018-05-01 07:24:53,null,null,open,closed,inactive,inactive,null
2018-05-01 07:24:54,null,null,open,closed,inactive,inactive,null
2018-05-01 07:24:55,null,null,open,closed,inactive,inactive,null
2018-05-01 07:24:56,null,null,open,closed,inactive,inactive,null
2018-05-01 07:24:57,null,null,open,closed,inactive,inactive,null
2018-05-01 07:24:58,null,null,open,closed,inactive,inactive,null
2018-05-01 07:24:59,null,null,open,closed,inactive,inactive,null
2018-05-01 07:25:00,null,null,open,closed,inactive,inactive,null
2018-05-01 07:25:01,null,null,open,closed,inactive,inactive,null
2018-05-01 07:25:02,null,null,open,closed,inactive,inactive,null
2018-05-01 07:25:03,null,null,open,closed,inactive,inactive,null
2018-05-01 07:25:04,null,null,open,closed,inactive,inactive,null
2018-05-01 07:25:05,null,null,open,closed,inactive,inactive,null
2018-05-01 07:25:06,null,null,open,closed,inactive,inactive,null
2018-05-01 07:25:07,null,null,open,closed,inactive,inactive,null
2018-05-01 07:25:08,null,null,open,closed,inactive,inactive,null
2018-05-01 07:25:09,null,null,open,closed,inactive,inactive,null
2018-05-01 07:25:10,null,null,open,closed,inactive,inactive,null
2018-05-01 07:25:11,null,null,open,closed,inactive,inactive,null
2018-05-01 07:25:12,null,null,open,closed,inactive,inactive,null
2018-05-01 07:25:13,null,null,open,closed,inactive,inactive,null
2018-05-01 07:25:14,null,null,open,closed,inactive,inactive,null
2018-05-01 07:25:15,null,null,open,closed,inactive,inactive,null
2018-05-01 07:25:16,null,null,open,closed,inactive,inactive,null
2018-05-01 07:25:17,null,null,open,closed,inactive,inactive,null
2018-05-01 07:25:18,null,null,open,closed,inactive,inactive,null
2018-05-01 07:25:19,null,null,open,closed,inactive,inactive,null
2018-05-01 07:25:20,null,null,open,closed,inactive,inactive,null
2018-05-01 07:25:21,null,null,open,closed,inactive,inactive,null
2018-05-01 07:25:22,null,null,open,closed,inactive,inactive,null
2018-05-01 07:25:23,null,null,open,closed,inactive,inactive,null
2018-05-01 07:25:24,null,null,open,closed,inactive,inactive,null
2018-05-01 07:25:25,null,null,open,closed,inactive,inactive,null
2018-05-01 07:25:26,null,null,open,closed,inactive,inactive,null
2018-05-01 07:25:27,null,null,open,closed,inactive,inactive,null
2018-05-01 07:25:28,null,null,open,closed,inactive,inactive,null
2018-05-01 07:25:29,null,null,open,closed,inactive,inactive,null
2018-05-01 07:25:30,null,null,open,closed,inactive,inactive,null
2018-05-01 07:25:31,null,null,open,closed,inactive,inactive,null
2018-05-01 07:25:32,null,null,open,closed,inactive,inactive,null
2018-05-01 07:25:33,null,null,open,closed,inactive,inactive,null
2018-05-01 07:25:34,null,null,open,closed,inactive,inactive,null
2018-05-01 07:25:35,null,null,open,closed,inactive,inactive,null
2018-05-01 07:25:36,null,null,open,closed,inactive,inactive,null
2018-05-01 07:25:37,null,null,open,closed,inactive,inactive,null
2018-05-01 07:25:38,null,null,open,closed,inactive,inactive,null
2018-05-01 07:25:39,null,null,open,closed,inactive,inactive,null
2018-05-01 07:25:40,null,null,open,closed,inactive,inactive,null
2018-05-01 07:25:41,null,null,open,closed,inactive,inactive,null
2018-05-01 07:25:42,null,null,open,closed,inactive,inactive,null
2018-05-01 07:25:43,null,null,open,closed,inactive,inactive,null
2018-05-01 07:25:44,null,null,open,closed,inactive,inactive,null
2018-05-01 07:25:45,null,null,open,closed,inactive,inactive,null
2018-05-01 07:25:46,null,null,open,closed,inactive,inactive,null
2018-05-01 07:25:47,null,null,open,closed,inactive,inactive,null
2018-05-01 07:25:48,null,null,open,closed,inactive,inactive,null
2018-05-01 07:25:49,null,null,open,closed,inactive,inactive,null
2018-05-01 07:25:50,null,null,open,closed,inactive,inactive,null
2018-05-01 07:25:51,null,null,open,closed,inactive,inactive,null
2018-05-01 07:25:52,null,null,open,closed,inactive,inactive,null
2018-05-01 07:25:53,null,null,open,closed,inactive,inactive,null
2018-05-01 07:25:54,null,null,open,closed,inactive,inactive,null
2018-05-01 07:25:55,null,null,open,closed,inactive,inactive,null
2018-05-01 07:25:56,null,null,open,closed,inactive,inactive,null
2018-05-01 07:25:57,null,null,open,closed,inactive,inactive,null
2018-05-01 07:25:58,null,null,open,closed,inactive,inactive,null
2018-05-01 07:25:59,null,null,open,closed,inactive,inactive,null
2018-05-01 07:26:00,null,null,open,closed,inactive,inactive,null
2018-05-01 07:26:01,null,null,open,closed,inactive,inactive,null
2018-05-01 07:26:02,null,null,open,closed,inactive,inactive,null
2018-05-01 07:26:03,null,null,open,closed,active,inactive,null
2018-05-01 07:26:04,null,null,open,closed,active,inactive,null
2018-05-01 07:26:05,null,null,open,closed,active,inactive,null
2018-05-01 07:26:06,null,null,open,closed,active,inactive,null
2018-05-01 07:26:07,null,null,open,closed,active,inactive,null
2018-05-01 07:26:08,null,null,open,closed,active,inactive,null
2018-05-01 07:26:09,null,null,open,closed,active,inactive,null
2018-05-01 07:26:10,null,null,open,closed,active,inactive,null
2018-05-01 07:26:11,null,null,open,closed,active,inactive,null
2018-05-01 07:26:12,null,null,open,closed,active,inactive,null
2018-05-01 07:26:13,null,null,open,closed,active,inactive,null
2018-05-01 07:26:14,null,null,open,closed,active,inactive,null
2018-05-01 07:26:15,null,null,open,closed,active,inactive,null
2018-05-01 07:26:16,null,null,open,closed,active,inactive,null
2018-05-01 07:26:17,null,null,open,closed,active,inactive,null
2018-05-01 07:26:18,null,null,open,closed,active,inactive,null
2018-05-01 07:26:19,null,null,open,closed,active,inactive,null
2018-05-01 07:26:20,null,null,open,closed,active,inactive,null
2018-05-01 07:26:21,null,null,open,closed,active,inactive,null
2018-05-01 07:26:22,null,null,open,closed,active,inactive,null
2018-05-01 07:26:23,null,null,open,closed,active,inactive,null
2018-05-01 07:26:24,null,null,open,closed,active,inactive,null
2018-05-01 07:26:25,null,null,open,closed,active,inactive,null
2018-05-01 07:26:26,null,null,open,closed,active,inactive,null
2018-05-01 07:26:27,null,null,open,closed,active,inactive,null
2018-05-01 07:26:28,null,null,open,closed,active,inactive,null
2018-05-01 07:26:29,null,null,open,closed,active,inactive,null
2018-05-01 07:26:30,null,null,open,closed,active,inactive,null
2018-05-01 07:26:31,null,null,open,closed,inactive,inactive,null
2018-05-01 07:26:32,null,null,open,closed,inactive,inactive,null
2018-05-01 07:26:33,null,null,open,closed,inactive,inactive,null
2018-05-01 07:26:34,null,null,open,closed,inactive,inactive,null
2018-05-01 07:26:35,null,null,open,closed,inactive,inactive,null
2018-05-01 07:26:36,null,null,open,closed,inactive,inactive,null
2018-05-01 07:26:37,null,null,open,closed,inactive,inactive,null
2018-05-01 07:26:38,null,null,open,closed,inactive,inactive,null
2018-05-01 07:26:39,null,null,open,closed,inactive,inactive,null
2018-05-01 07:26:40,null,null,open,closed,inactive,inactive,null
2018-05-01 07:26:41,null,null,open,closed,inactive,inactive,null
2018-05-01 07:26:42,null,null,open,closed,inactive,inactive,null
2018-05-01 07:26:43,null,null,open,closed,inactive,inactive,null
2018-05-01 07:26:44,null,null,open,closed,inactive,inactive,null
2018-05-01 07:26:45,null,null,open,closed,inactive,inactive,null
2018-05-01 07:26:46,null,null,open,closed,inactive,inactive,null
2018-05-01 07:26:47,null,null,open,closed,inactive,inactive,null
2018-05-01 07:26:48,null,null,open,closed,inactive,inactive,null
2018-05-01 07:26:49,null,null,open,closed,inactive,inactive,null
2018-05-01 07:26:50,null,null,open,closed,inactive,inactive,null
2018-05-01 07:26:51,null,null,open,closed,inactive,inactive,null
2018-05-01 07:26:52,null,null,open,closed,inactive,inactive,null
2018-05-01 07:26:53,null,null,open,closed,inactive,inactive,null
2018-05-01 07:26:54,null,null,open,closed,inactive,inactive,null
2018-05-01 07:26:55,null,null,open,closed,inactive,inactive,null
2018-05-01 07:26:56,null,null,open,closed,inactive,inactive,null
2018-05-01 07:26:57,null,null,open,closed,inactive,inactive,null
2018-05-01 07:26:58,null,null,open,closed,inactive,inactive,null
2018-05-01 07:26:59,null,null,open,closed,inactive,inactive,null
2018-05-01 07:27:00,null,null,open,closed,inactive,inactive,null
2018-05-01 07:27:01,null,null,open,closed,inactive,inactive,null
2018-05-01 07:27:02,null,null,open,closed,inactive,inactive,null
2018-05-01 07:27:03,null,null,open,closed,inactive,inactive,null
2018-05-01 07:27:04,null,null,open,closed,inactive,inactive,null
2018-05-01 07:27:05,null,null,open,closed,inactive,inactive,null
2018-05-01 07:27:06,null,null,open,closed,inactive,inactive,null
2018-05-01 07:27:07,null,null,open,closed,inactive,inactive,null
2018-05-01 07:27:08,null,null,open,closed,inactive,inactive,null
2018-05-01 07:27:09,null,null,open,closed,inactive,inactive,null
2018-05-01 07:27:10,null,null,open,closed,inactive,inactive,null
2018-05-01 07:27:11,null,null,open,closed,inactive,inactive,null
2018-05-01 07:27:12,null,null,open,closed,inactive,inactive,null
2018-05-01 07:27:13,null,null,open,closed,inactive,inactive,null
2018-05-01 07:27:14,null,null,open,closed,inactive,inactive,null
2018-05-01 07:27:15,null,null,open,closed,inactive,inactive,null
2018-05-01 07:27:16,null,null,open,closed,inactive,inactive,null
2018-05-01 07:27:17,null,null,open,closed,inactive,inactive,null
2018-05-01 07:27:18,null,null,open,closed,inactive,inactive,null
2018-05-01 07:27:19,null,null,open,closed,inactive,inactive,null
2018-05-01 07:27:20,null,null,open,closed,inactive,inactive,null
2018-05-01 07:27:21,null,null,open,closed,inactive,inactive,null
2018-05-01 07:27:22,null,null,open,closed,inactive,inactive,null
2018-05-01 07:27:23,null,null,open,closed,inactive,inactive,null
2018-05-01 07:27:24,null,null,open,closed,inactive,inactive,null
2018-05-01 07:27:25,null,null,open,closed,inactive,inactive,null
2018-05-01 07:27:26,null,null,open,closed,inactive,inactive,null
2018-05-01 07:27:27,null,null,open,closed,inactive,inactive,null
2018-05-01 07:27:28,null,null,open,closed,inactive,inactive,null
2018-05-01 07:27:29,null,null,open,closed,inactive,inactive,null
2018-05-01 07:27:30,null,null,open,closed,inactive,inactive,null
2018-05-01 07:27:31,null,null,open,closed,inactive,inactive,null
2018-05-01 07:27:32,null,null,open,closed,inactive,inactive,null
2018-05-01 07:27:33,null,null,open,closed,inactive,inactive,null
2018-05-01 07:27:34,null,null,open,closed,inactive,inactive,null
2018-05-01 07:27:35,null,null,open,closed,inactive,inactive,null
2018-05-01 07:27:36,null,null,open,closed,inactive,inactive,null
2018-05-01 07:27:37,null,null,open,closed,inactive,inactive,null
2018-05-01 07:27:38,null,null,open,closed,inactive,inactive,null
2018-05-01 07:27:39,null,null,open,closed,inactive,inactive,null
2018-05-01 07:27:40,null,null,open,closed,inactive,inactive,null
2018-05-01 07:27:41,null,null,open,closed,inactive,inactive,null
2018-05-01 07:27:42,null,null,open,closed,inactive,inactive,null
2018-05-01 07:27:43,null,null,open,closed,inactive,inactive,null
2018-05-01 07:27:44,null,null,open,closed,inactive,inactive,null
2018-05-01 07:27:45,null,null,open,closed,inactive,inactive,null
2018-05-01 07:27:46,null,null,open,closed,inactive,inactive,null
2018-05-01 07:27:47,null,null,open,closed,inactive,inactive,null
2018-05-01 07:27:48,null,null,open,closed,inactive,inactive,null
2018-05-01 07:27:49,null,null,open,closed,inactive,inactive,null
2018-05-01 07:27:50,null,null,open,closed,inactive,inactive,null
2018-05-01 07:27:51,null,null,open,closed,inactive,inactive,null
2018-05-01 07:27:52,null,null,open,closed,inactive,inactive,null
2018-05-01 07:27:53,null,null,open,closed,inactive,inactive,null
2018-05-01 07:27:54,null,null,open,closed,inactive,inactive,null
2018-05-01 07:27:55,null,null,open,closed,inactive,inactive,null
2018-05-01 07:27:56,null,null,open,closed,inactive,inactive,null
2018-05-01 07:27:57,null,null,open,closed,inactive,inactive,null
2018-05-01 07:27:58,null,null,open,closed,inactive,inactive,null
2018-05-01 07:27:59,null,null,open,closed,inactive,inactive,null
2018-05-01 07:28:00,null,null,open,closed,inactive,inactive,null
2018-05-01 07:28:01,null,null,open,closed,inactive,inactive,null
2018-05-01 07:28:02,null,null,open,closed,inactive,inactive,null
2018-05-01 07:28:03,null,null,open,closed,inactive,inactive,null
2018-05-01 07:28:04,null,null,open,closed,inactive,inactive,null
2018-05-01 07:28:05,null,null,open,closed,inactive,inactive,null
2018-05-01 07:28:06,null,null,open,closed,inactive,inactive,null
2018-05-01 07:28:07,null,null,open,closed,inactive,inactive,null
2018-05-01 07:28:08,null,null,open,closed,inactive,inactive,null
2018-05-01 07:28:09,null,null,open,closed,inactive,inactive,null
2018-05-01 07:28:10,null,null,open,closed,inactive,inactive,null
2018-05-01 07:28:11,null,null,open,closed,inactive,inactive,null
2018-05-01 07:28:12,null,null,open,closed,inactive,inactive,null
2018-05-01 07:28:13,null,null,open,closed,inactive,inactive,null
2018-05-01 07:28:14,null,null,open,closed,inactive,inactive,null
2018-05-01 07:28:15,null,null,open,closed,inactive,inactive,null
2018-05-01 07:28:16,null,null,open,closed,inactive,inactive,null
2018-05-01 07:28:17,null,null,open,closed,inactive,inactive,null
2018-05-01 07:28:18,null,null,open,closed,inactive,inactive,null
2018-05-01 07:28:19,null,null,open,closed,inactive,inactive,null
2018-05-01 07:28:20,null,null,open,closed,inactive,inactive,null
2018-05-01 07:28:21,null,null,open,closed,inactive,inactive,null
2018-05-01 07:28:22,null,null,open,closed,inactive,inactive,null
2018-05-01 07:28:23,null,null,open,closed,inactive,inactive,null
2018-05-01 07:28:24,null,null,open,closed,inactive,inactive,null
2018-05-01 07:28:25,null,null,open,closed,inactive,inactive,null
2018-05-01 07:28:26,null,null,open,closed,inactive,inactive,null
2018-05-01 07:28:27,null,null,open,closed,inactive,inactive,null
2018-05-01 07:28:28,null,null,open,closed,inactive,inactive,null
2018-05-01 07:28:29,null,null,open,closed,inactive,inactive,null
2018-05-01 07:28:30,null,null,open,closed,inactive,inactive,null
2018-05-01 07:28:31,null,null,open,closed,inactive,inactive,null
2018-05-01 07:28:32,null,null,open,closed,inactive,inactive,null
2018-05-01 07:28:33,null,null,open,closed,inactive,inactive,null
2018-05-01 07:28:34,null,null,open,closed,inactive,inactive,null
2018-05-01 07:28:35,null,null,open,closed,inactive,inactive,null
2018-05-01 07:28:36,null,null,open,closed,inactive,inactive,null
2018-05-01 07:28:37,null,null,open,closed,inactive,inactive,null
2018-05-01 07:28:38,null,null,open,closed,inactive,inactive,null
2018-05-01 07:28:39,null,null,open,closed,inactive,inactive,null
2018-05-01 07:28:40,null,null,open,closed,inactive,inactive,null
2018-05-01 07:28:41,null,null,open,closed,inactive,inactive,null
2018-05-01 07:28:42,null,null,open,closed,inactive,inactive,null
2018-05-01 07:28:43,null,null,open,closed,inactive,inactive,null
2018-05-01 07:28:44,null,null,open,closed,inactive,inactive,null
2018-05-01 07:28:45,null,null,open,closed,inactive,inactive,null
2018-05-01 07:28:46,null,null,open,closed,inactive,inactive,null
2018-05-01 07:28:47,null,null,open,closed,inactive,inactive,null
2018-05-01 07:28:48,null,null,open,closed,inactive,inactive,null
2018-05-01 07:28:49,null,null,open,closed,inactive,inactive,null
2018-05-01 07:28:50,null,null,open,closed,inactive,inactive,null
2018-05-01 07:28:51,null,null,open,closed,inactive,inactive,null
2018-05-01 07:28:52,null,null,open,closed,inactive,inactive,null
2018-05-01 07:28:53,null,null,open,closed,inactive,inactive,null
2018-05-01 07:28:54,null,null,open,closed,inactive,inactive,null
2018-05-01 07:28:55,null,null,open,closed,inactive,inactive,null
2018-05-01 07:28:56,null,null,open,closed,inactive,inactive,null
2018-05-01 07:28:57,null,null,open,closed,inactive,inactive,null
2018-05-01 07:28:58,null,null,open,closed,inactive,inactive,null
2018-05-01 07:28:59,null,null,open,closed,inactive,inactive,null
2018-05-01 07:29:00,null,null,open,closed,inactive,inactive,null
2018-05-01 07:29:01,null,null,open,closed,inactive,inactive,null
2018-05-01 07:29:02,null,null,open,closed,inactive,inactive,null
2018-05-01 07:29:03,null,null,open,closed,inactive,inactive,null
2018-05-01 07:29:04,null,null,open,closed,inactive,inactive,null
2018-05-01 07:29:05,null,null,open,closed,inactive,inactive,null
2018-05-01 07:29:06,null,null,open,closed,inactive,inactive,null
2018-05-01 07:29:07,null,null,open,closed,inactive,inactive,null
2018-05-01 07:29:08,null,null,open,closed,inactive,inactive,null
2018-05-01 07:29:09,null,null,open,closed,inactive,inactive,null
2018-05-01 07:29:10,null,null,open,closed,inactive,inactive,null
2018-05-01 07:29:11,null,null,open,closed,inactive,inactive,null
2018-05-01 07:29:12,null,null,open,closed,inactive,inactive,null
2018-05-01 07:29:13,null,null,open,closed,inactive,inactive,null
2018-05-01 07:29:14,null,null,open,closed,inactive,inactive,null
2018-05-01 07:29:15,null,null,open,closed,inactive,inactive,null
2018-05-01 07:29:16,null,null,open,closed,inactive,inactive,null
2018-05-01 07:29:17,null,null,open,closed,inactive,inactive,null
2018-05-01 07:29:18,null,null,open,closed,inactive,inactive,null
2018-05-01 07:29:19,null,null,open,closed,inactive,inactive,null
2018-05-01 07:29:20,null,null,open,closed,inactive,inactive,null
2018-05-01 07:29:21,null,null,open,closed,inactive,inactive,null
2018-05-01 07:29:22,null,null,open,closed,inactive,inactive,null
2018-05-01 07:29:23,null,null,open,closed,inactive,inactive,null
2018-05-01 07:29:24,null,null,open,closed,inactive,inactive,null
2018-05-01 07:29:25,null,null,open,closed,inactive,inactive,null
2018-05-01 07:29:26,null,null,open,closed,inactive,inactive,null
2018-05-01 07:29:27,null,null,open,closed,inactive,inactive,null
2018-05-01 07:29:28,null,null,open,closed,inactive,inactive,null
2018-05-01 07:29:29,null,null,open,closed,inactive,inactive,null
2018-05-01 07:29:30,null,null,open,closed,inactive,inactive,null
2018-05-01 07:29:31,null,null,open,closed,inactive,inactive,null
2018-05-01 07:29:32,null,null,open,closed,inactive,inactive,null
2018-05-01 07:29:33,null,null,open,closed,inactive,inactive,null
2018-05-01 07:29:34,null,null,open,closed,inactive,inactive,null
2018-05-01 07:29:35,null,null,open,closed,inactive,inactive,null
2018-05-01 07:29:36,null,null,open,closed,inactive,inactive,null
2018-05-01 07:29:37,null,null,open,closed,inactive,inactive,null
2018-05-01 07:29:38,null,null,open,closed,inactive,inactive,null
2018-05-01 07:29:39,null,null,open,closed,inactive,inactive,null
2018-05-01 07:29:40,null,null,open,closed,inactive,inactive,null
2018-05-01 07:29:41,null,null,open,closed,inactive,inactive,null
2018-05-01 07:29:42,null,null,open,closed,inactive,inactive,null
2018-05-01 07:29:43,null,null,open,closed,inactive,inactive,null
2018-05-01 07:29:44,null,null,open,closed,inactive,inactive,null
2018-05-01 07:29:45,null,null,open,closed,inactive,inactive,null
2018-05-01 07:29:46,null,null,open,closed,inactive,inactive,null
2018-05-01 07:29:47,null,null,open,closed,inactive,inactive,null
2018-05-01 07:29:48,null,null,open,closed,inactive,inactive,null
2018-05-01 07:29:49,null,null,open,closed,inactive,inactive,null
2018-05-01 07:29:50,null,null,open,closed,inactive,inactive,null
2018-05-01 07:29:51,null,null,open,closed,inactive,inactive,null
2018-05-01 07:29:52,null,null,open,closed,inactive,inactive,null
2018-05-01 07:29:53,null,null,open,closed,inactive,inactive,null
2018-05-01 07:29:54,null,null,open,closed,inactive,inactive,null
2018-05-01 07:29:55,null,null,open,closed,inactive,inactive,null
2018-05-01 07:29:56,null,null,open,closed,inactive,inactive,null
2018-05-01 07:29:57,null,null,open,closed,inactive,inactive,null
2018-05-01 07:29:58,null,null,open,closed,inactive,inactive,null
2018-05-01 07:29:59,null,null,open,closed,inactive,inactive,null
2018-05-01 07:30:00,null,null,open,closed,inactive,inactive,null
2018-05-01 07:30:01,null,null,open,closed,inactive,inactive,null
2018-05-01 07:30:02,null,null,open,closed,inactive,inactive,null
2018-05-01 07:30:03,null,null,open,closed,inactive,inactive,null
2018-05-01 07:30:04,null,null,open,closed,inactive,inactive,null
2018-05-01 07:30:05,null,null,open,closed,inactive,inactive,null
2018-05-01 07:30:06,null,null,open,closed,inactive,inactive,null
2018-05-01 07:30:07,null,null,open,closed,inactive,inactive,null
2018-05-01 07:30:08,null,null,open,closed,inactive,inactive,null
2018-05-01 07:30:09,null,null,open,closed,inactive,inactive,null
2018-05-01 07:30:10,using a remote control,standing,open,closed,inactive,inactive,WatchingTV
2018-05-01 07:30:11,using a remote control,standing,open,closed,inactive,inactive,WatchingTV
2018-05-01 07:30:12,using a remote control,standing,open,closed,inactive,inactive,WatchingTV
2018-05-01 07:30:13,using a remote control,standing,open,closed,inactive,inactive,WatchingTV
2018-05-01 07:30:14,using a remote control,standing,open,closed,inactive,inactive,WatchingTV
2018-05-01 07:30:15,using a remote control,standing,open,closed,inactive,inactive,WatchingTV
2018-05-01 07:30:16,using a remote control,standing,open,closed,inactive,inactive,WatchingTV
2018-05-01 07:30:17,using a remote control,standing,open,closed,inactive,inactive,WatchingTV
2018-05-01 07:30:18,using a remote control,standing,open,closed,inactive,inactive,WatchingTV
2018-05-01 07:30:19,using a remote control,standing,open,closed,inactive,inactive,WatchingTV
2018-05-01 07:30:20,using a remote control,standing,open,closed,inactive,inactive,WatchingTV
2018-05-01 07:30:21,using a remote control,standing,open,closed,inactive,inactive,WatchingTV
2018-05-01 07:30:22,using a remote control,standing,open,closed,inactive,inactive,WatchingTV
2018-05-01 07:30:23,using a remote control,standing,open,closed,inactive,inactive,WatchingTV
2018-05-01 07:30:24,using a remote control,standing,open,closed,inactive,inactive,WatchingTV
2018-05-01 07:30:25,blow drying hair,sitting on the floor,open,closed,inactive,inactive,null
2018-05-01 07:30:26,using a remote control,standing,open,closed,inactive,inactive,WatchingTV
2018-05-01 07:30:27,using a remote control,standing,open,closed,inactive,inactive,WatchingTV
2018-05-01 07:30:28,using a remote control,standing,open,closed,inactive,inactive,WatchingTV
2018-05-01 07:30:29,using a remote control,standing,open,closed,inactive,inactive,WatchingTV
2018-05-01 07:30:30,using a remote control,standing,open,closed,inactive,inactive,WatchingTV
2018-05-01 07:30:31,using a remote control,standing,open,closed,inactive,inactive,WatchingTV
2018-05-01 07:30:32,using a remote control,standing,open,closed,inactive,inactive,WatchingTV
2018-05-01 07:30:33,using a remote control,standing,open,closed,inactive,inactive,WatchingTV
2018-05-01 07:30:34,using a remote control,standing,open,closed,inactive,inactive,WatchingTV
2018-05-01 07:30:35,using a remote control,standing,open,closed,inactive,inactive,WatchingTV
2018-05-01 07:30:36,using a remote control,standing,open,closed,inactive,inactive,WatchingTV
2018-05-01 07:30:37,using a remote control,standing,open,closed,inactive,inactive,WatchingTV
2018-05-01 07:30:38,using a remote control,standing,open,closed,inactive,inactive,WatchingTV
2018-05-01 07:30:39,using a remote control,standing,open,closed,inactive,inactive,WatchingTV
2018-05-01 07:30:40,using a remote control,standing,open,closed,inactive,inactive,WatchingTV
2018-05-01 07:30:41,using a remote control,standing,open,closed,inactive,inactive,WatchingTV
2018-05-01 07:30:42,using a remote control,standing,open,closed,inactive,inactive,WatchingTV
2018-05-01 07:30:43,using a remote control,standing,open,closed,inactive,inactive,WatchingTV
2018-05-01 07:30:44,using a remote control,standing,open,closed,inactive,inactive,WatchingTV
2018-05-01 07:30:45,using a remote control,standing,open,closed,inactive,inactive,WatchingTV
2018-05-01 07:30:46,using a remote control,standing,open,closed,inactive,inactive,WatchingTV
2018-05-01 07:30:47,using a remote control,standing,open,closed,inactive,inactive,WatchingTV
2018-05-01 07:30:48,using a remote control,standing,open,closed,inactive,inactive,WatchingTV
2018-05-01 07:30:49,using a remote control,standing,open,closed,inactive,inactive,WatchingTV
2018-05-01 07:30:50,using a remote control,standing,open,closed,inactive,inactive,WatchingTV
2018-05-01 07:30:51,using a remote control,standing,open,closed,inactive,inactive,WatchingTV
2018-05-01 07:30:52,using a remote control,standing,open,closed,inactive,inactive,WatchingTV
2018-05-01 07:30:53,using a remote control,standing,open,closed,inactive,inactive,WatchingTV
2018-05-01 07:30:54,using a remote control,standing,open,closed,inactive,inactive,WatchingTV
2018-05-01 07:30:55,using a remote control,standing,open,closed,inactive,inactive,WatchingTV
2018-05-01 07:30:56,using a remote control,standing,open,closed,inactive,inactive,WatchingTV
2018-05-01 07:30:57,using a remote control,standing,open,closed,inactive,inactive,WatchingTV
2018-05-01 07:30:58,using a remote control,standing,open,closed,inactive,inactive,WatchingTV
2018-05-01 07:30:59,using a remote control,standing,open,closed,inactive,inactive,WatchingTV
2018-05-01 07:31:00,blow drying hair,sitting on the floor,open,closed,inactive,inactive,null
2018-05-01 07:31:01,blow drying hair,sitting on the floor,open,closed,inactive,inactive,null
2018-05-01 07:31:02,blow drying hair,sitting on the floor,open,closed,inactive,inactive,null
2018-05-01 07:31:03,blow drying hair,sitting on the floor,open,closed,inactive,inactive,null
2018-05-01 07:31:04,blow drying hair,sitting on the floor,open,closed,inactive,inactive,null
2018-05-01 07:31:05,blow drying hair,sitting on the floor,open,closed,inactive,inactive,null
2018-05-01 07:31:06,blow drying hair,sitting on the floor,open,closed,inactive,inactive,null
2018-05-01 07:31:07,blow drying hair,sitting on the floor,open,closed,inactive,inactive,null
2018-05-01 07:31:08,blow drying hair,sitting on the floor,open,closed,inactive,inactive,null
2018-05-01 07:31:09,blow drying hair,sitting on the floor,open,closed,inactive,inactive,null
2018-05-01 07:31:10,blow drying hair,sitting on the floor,open,closed,inactive,inactive,null
2018-05-01 07:31:11,blow drying hair,sitting on the floor,open,closed,inactive,inactive,null
2018-05-01 07:31:12,blow drying hair,sitting on the floor,open,closed,inactive,inactive,null
2018-05-01 07:31:13,blow drying hair,sitting on the floor,open,closed,inactive,inactive,null
2018-05-01 07:31:14,blow drying hair,sitting on the floor,open,closed,inactive,inactive,null
2018-05-01 07:31:15,blow drying hair,sitting on the floor,open,closed,inactive,inactive,null
2018-05-01 07:31:16,blow drying hair,sitting on the floor,open,closed,inactive,inactive,null
2018-05-01 07:31:17,blow drying hair,sitting on the floor,open,closed,inactive,inactive,null
2018-05-01 07:31:18,blow drying hair,sitting on the floor,open,closed,inactive,inactive,null
2018-05-01 07:31:19,blow drying hair,sitting on the floor,open,closed,inactive,inactive,null
2018-05-01 07:31:20,blow drying hair,sitting on the floor,open,closed,inactive,inactive,null
2018-05-01 07:31:21,blow drying hair,sitting on the floor,open,closed,inactive,inactive,null
2018-05-01 07:31:22,blow drying hair,sitting on the floor,open,closed,inactive,inactive,null
2018-05-01 07:31:23,blow drying hair,sitting on the floor,open,closed,inactive,inactive,null
2018-05-01 07:31:24,blow drying hair,sitting on the floor,open,closed,inactive,inactive,null
2018-05-01 07:31:25,blow drying hair,sitting on the floor,open,closed,inactive,inactive,null
2018-05-01 07:31:26,blow drying hair,sitting on the floor,open,closed,inactive,inactive,null
2018-05-01 07:31:27,blow drying hair,sitting on the floor,open,closed,inactive,inactive,null
2018-05-01 07:31:28,blow drying hair,sitting on the floor,open,closed,inactive,inactive,null
2018-05-01 07:31:29,blow drying hair,sitting on the floor,open,closed,inactive,inactive,null
2018-05-01 07:31:30,blow drying hair,sitting on the floor,open,closed,inactive,inactive,null
2018-05-01 07:31:31,blow drying hair,sitting on the floor,open,closed,inactive,inactive,null
2018-05-01 07:31:32,blow drying hair,sitting on the floor,open,closed,inactive,inactive,null
2018-05-01 07:31:33,blow drying hair,sitting on the floor,open,closed,inactive,inactive,null
2018-05-01 07:31:34,blow drying hair,sitting on the floor,open,closed,inactive,inactive,null
2018-05-01 07:31:35,blow drying hair,sitting on the floor,open,closed,inactive,inactive,null
2018-05-01 07:31:36,blow drying hair,sitting on the floor,open,closed,inactive,inactive,null
2018-05-01 07:31:37,blow drying hair,sitting on the floor,open,closed,inactive,inactive,null
2018-05-01 07:31:38,blow drying hair,sitting on the floor,open,closed,inactive,inactive,null
2018-05-01 07:31:39,blow drying hair,sitting on the floor,open,closed,inactive,inactive,null
2018-05-01 07:31:40,blow drying hair,sitting on the floor,open,closed,inactive,inactive,null
2018-05-01 07:31:41,blow drying hair,sitting on the floor,open,closed,inactive,inactive,null
2018-05-01 07:31:42,blow drying hair,sitting on the floor,open,closed,inactive,inactive,null
2018-05-01 07:31:43,blow drying hair,sitting on the floor,open,closed,inactive,inactive,null
2018-05-01 07:31:44,blow drying hair,sitting on the floor,open,closed,inactive,inactive,null
2018-05-01 07:31:45,blow drying hair,sitting on the floor,open,closed,inactive,inactive,null
2018-05-01 07:31:46,blow drying hair,sitting on the floor,open,closed,inactive,inactive,null
2018-05-01 07:31:47,blow drying hair,sitting on the floor,open,closed,inactive,inactive,null
2018-05-01 07:31:48,blow drying hair,sitting on the floor,open,closed,inactive,inactive,null
2018-05-01 07:31:49,blow drying hair,sitting on the floor,open,closed,inactive,inactive,null
2018-05-01 07:31:50,blow drying hair,sitting on the floor,open,closed,inactive,inactive,null
2018-05-01 07:31:51,blow drying hair,sitting on the floor,open,closed,inactive,inactive,null
2018-05-01 07:31:52,blow drying hair,sitting on the floor,open,closed,inactive,inactive,null
2018-05-01 07:31:53,blow drying hair,sitting on the floor,open,closed,inactive,inactive,null
2018-05-01 07:31:54,blow drying hair,sitting on the floor,open,closed,inactive,inactive,null
2018-05-01 07:31:55,blow drying hair,sitting on the floor,open,closed,inactive,inactive,null
2018-05-01 07:31:56,blow drying hair,sitting on the floor,open,closed,inactive,inactive,null
2018-05-01 07:31:57,blow drying hair,sitting on the floor,open,closed,inactive,inactive,null
2018-05-01 07:31:58,blow drying hair,sitting on the floor,open,closed,inactive,inactive,null
2018-05-01 07:31:59,blow drying hair,sitting on the floor,open,closed,inactive,inactive,null
2018-05-01 07:32:00,blow drying hair,sitting on the floor,open,closed,inactive,inactive,null
2018-05-01 07:32:01,blow drying hair,sitting on the floor,open,closed,inactive,inactive,null
2018-05-01 07:32:02,blow drying hair,sitting on the floor,open,closed,inactive,inactive,null
2018-05-01 07:32:03,blow drying hair,sitting on the floor,open,closed,inactive,inactive,null
2018-05-01 07:32:04,blow drying hair,sitting on the floor,open,closed,inactive,inactive,null
2018-05-01 07:32:05,blow drying hair,sitting on the floor,open,closed,inactive,inactive,null
2018-05-01 07:32:06,blow drying hair,sitting on the floor,open,closed,inactive,inactive,null
2018-05-01 07:32:07,blow drying hair,sitting on the floor,open,closed,inactive,inactive,null
2018-05-01 07:32:08,blow drying hair,sitting on the floor,open,closed,inactive,inactive,null
2018-05-01 07:32:09,blow drying hair,sitting on the floor,open,closed,inactive,inactive,null
2018-05-01 07:32:10,blow drying hair,sitting on the floor,open,closed,inactive,inactive,null
2018-05-01 07:32:11,blow drying hair,sitting on the floor,open,closed,inactive,inactive,null
2018-05-01 07:32:12,blow drying hair,sitting on the floor,open,closed,inactive,inactive,null
2018-05-01 07:32:13,blow drying hair,sitting on the floor,open,closed,inactive,inactive,null
2018-05-01 07:32:14,blow drying hair,sitting on the floor,open,closed,inactive,inactive,null
2018-05-01 07:32:15,blow drying hair,sitting on the floor,open,closed,inactive,inactive,null
2018-05-01 07:32:16,blow drying hair,sitting on the floor,open,closed,inactive,inactive,null
2018-05-01 07:32:17,blow drying hair,sitting on the floor,open,closed,inactive,inactive,null
2018-05-01 07:32:18,blow drying hair,sitting on the floor,open,closed,inactive,inactive,null
2018-05-01 07:32:19,blow drying hair,sitting on the floor,open,closed,inactive,inactive,null
2018-05-01 07:32:20,blow drying hair,sitting on the floor,open,closed,inactive,inactive,null
2018-05-01 07:32:21,blow drying hair,sitting on the floor,open,closed,inactive,inactive,null
2018-05-01 07:32:22,blow drying hair,sitting on the floor,open,closed,inactive,inactive,null
2018-05-01 07:32:23,blow drying hair,sitting on the floor,open,closed,inactive,inactive,null
2018-05-01 07:32:24,blow drying hair,sitting on the floor,open,closed,inactive,inactive,null
2018-05-01 07:32:25,blow drying hair,sitting on the floor,open,closed,inactive,inactive,null
2018-05-01 07:32:26,blow drying hair,sitting on the floor,open,closed,inactive,inactive,null
2018-05-01 07:32:27,blow drying hair,sitting on the floor,open,closed,inactive,inactive,null
2018-05-01 07:32:28,blow drying hair,sitting on the floor,open,closed,inactive,inactive,null
2018-05-01 07:32:29,blow drying hair,sitting on the floor,open,closed,inactive,inactive,null
2018-05-01 07:32:30,blow drying hair,sitting on the floor,open,closed,inactive,inactive,null
2018-05-01 07:32:31,blow drying hair,sitting on the floor,open,closed,inactive,inactive,null
2018-05-01 07:32:32,blow drying hair,sitting on the floor,open,closed,inactive,inactive,null
2018-05-01 07:32:33,blow drying hair,sitting on the floor,open,closed,inactive,inactive,null
2018-05-01 07:32:34,blow drying hair,sitting on the floor,open,closed,inactive,inactive,null
2018-05-01 07:32:35,blow drying hair,sitting on the floor,open,closed,inactive,inactive,null
2018-05-01 07:32:36,blow drying hair,sitting on the floor,open,closed,inactive,inactive,null
2018-05-01 07:32:37,blow drying hair,sitting on the floor,open,closed,inactive,inactive,null
2018-05-01 07:32:38,blow drying hair,sitting on the floor,open,closed,inactive,inactive,null
2018-05-01 07:32:39,blow drying hair,sitting on the floor,open,closed,inactive,inactive,null
2018-05-01 07:32:40,blow drying hair,sitting on the floor,open,closed,inactive,inactive,null
2018-05-01 07:32:41,blow drying hair,sitting on the floor,open,closed,inactive,inactive,null
2018-05-01 07:32:42,blow drying hair,sitting on the floor,open,closed,inactive,inactive,null
2018-05-01 07:32:43,blow drying hair,sitting on the floor,open,closed,inactive,inactive,null
2018-05-01 07:32:44,blow drying hair,sitting on the floor,open,closed,inactive,inactive,null
2018-05-01 07:32:45,blow drying hair,sitting on the floor,open,closed,inactive,inactive,null
2018-05-01 07:32:46,blow drying hair,sitting on the floor,open,closed,inactive,inactive,null
2018-05-01 07:32:47,blow drying hair,sitting on the floor,open,closed,inactive,inactive,null
2018-05-01 07:32:48,blow drying hair,sitting on the floor,open,closed,inactive,inactive,null
2018-05-01 07:32:49,blow drying hair,sitting on the floor,open,closed,inactive,inactive,null
2018-05-01 07:32:50,blow drying hair,sitting on the floor,open,closed,inactive,inactive,null
2018-05-01 07:32:51,blow drying hair,sitting on the floor,open,closed,inactive,inactive,null
2018-05-01 07:32:52,blow drying hair,sitting on the floor,open,closed,inactive,inactive,null
2018-05-01 07:32:53,blow drying hair,sitting on the floor,open,closed,inactive,inactive,null
2018-05-01 07:32:54,blow drying hair,sitting on the floor,open,closed,inactive,inactive,null
2018-05-01 07:32:55,blow drying hair,sitting on the floor,open,closed,inactive,inactive,null
2018-05-01 07:32:56,blow drying hair,sitting on the floor,open,closed,inactive,inactive,null
2018-05-01 07:32:57,blow drying hair,sitting on the floor,open,closed,inactive,inactive,null
2018-05-01 07:32:58,blow drying hair,sitting on the floor,open,closed,inactive,inactive,null
2018-05-01 07:32:59,blow drying hair,sitting on the floor,open,closed,inactive,inactive,null
2018-05-01 07:33:00,blow drying hair,sitting on the floor,open,closed,inactive,inactive,null
2018-05-01 07:33:01,blow drying hair,sitting on the floor,open,closed,inactive,inactive,null
2018-05-01 07:33:02,blow drying hair,sitting on the floor,open,closed,inactive,inactive,null
2018-05-01 07:33:03,blow drying hair,sitting on the floor,open,closed,inactive,inactive,null
2018-05-01 07:33:04,blow drying hair,sitting on the floor,open,closed,inactive,inactive,null
2018-05-01 07:33:05,blow drying hair,sitting on the floor,open,closed,inactive,inactive,null
2018-05-01 07:33:06,blow drying hair,sitting on the floor,open,closed,inactive,inactive,null
2018-05-01 07:33:07,blow drying hair,sitting on the floor,open,closed,inactive,inactive,null
2018-05-01 07:33:08,blow drying hair,sitting on the floor,open,closed,inactive,inactive,null
2018-05-01 07:33:09,blow drying hair,sitting on the floor,open,closed,inactive,inactive,null
2018-05-01 07:33:10,blow drying hair,sitting on the floor,open,closed,inactive,inactive,null
2018-05-01 07:33:11,blow drying hair,sitting on the floor,open,closed,inactive,inactive,null
2018-05-01 07:33:12,blow drying hair,sitting on the floor,open,closed,inactive,inactive,null
2018-05-01 07:33:13,blow drying hair,sitting on the floor,open,closed,inactive,inactive,null
2018-05-01 07:33:14,blow drying hair,sitting on the floor,open,closed,inactive,inactive,null
2018-05-01 07:33:15,blow drying hair,sitting on the floor,open,closed,inactive,inactive,null
2018-05-01 07:33:16,blow drying hair,sitting on the floor,open,closed,inactive,inactive,null
2018-05-01 07:33:17,blow drying hair,sitting on the floor,open,closed,inactive,inactive,null
2018-05-01 07:33:18,blow drying hair,sitting on the floor,open,closed,inactive,inactive,null
2018-05-01 07:33:19,blow drying hair,sitting on the floor,open,closed,inactive,inactive,null
2018-05-01 07:33:20,blow drying hair,sitting on the floor,open,closed,inactive,inactive,null
2018-05-01 07:33:21,blow drying hair,sitting on the floor,open,closed,inactive,inactive,null
2018-05-01 07:33:22,blow drying hair,sitting on the floor,open,closed,inactive,inactive,null
2018-05-01 07:33:23,blow drying hair,sitting on the floor,open,closed,inactive,inactive,null
2018-05-01 07:33:24,blow drying hair,sitting on the floor,open,closed,inactive,inactive,null
2018-05-01 07:33:25,blow drying hair,sitting on the floor,open,closed,inactive,inactive,null
2018-05-01 07:33:26,blow drying hair,sitting on the floor,open,closed,inactive,inactive,null
2018-05-01 07:33:27,blow drying hair,sitting on the floor,open,closed,inactive,inactive,null
2018-05-01 07:33:28,blow drying hair,sitting on the floor,open,closed,inactive,inactive,null
2018-05-01 07:33:29,blow drying hair,sitting on the floor,open,closed,inactive,inactive,null
2018-05-01 07:33:30,blow drying hair,sitting on the floor,open,closed,inactive,inactive,null
2018-05-01 07:33:31,blow drying hair,sitting on the floor,open,closed,inactive,inactive,null
2018-05-01 07:33:32,blow drying hair,sitting on the floor,open,closed,inactive,inactive,null
2018-05-01 07:33:33,blow drying hair,sitting on the floor,open,closed,inactive,inactive,null
2018-05-01 07:33:34,blow drying hair,sitting on the floor,open,closed,inactive,inactive,null
2018-05-01 07:33:35,blow drying hair,sitting on the floor,open,closed,inactive,inactive,null
2018-05-01 07:33:36,blow drying hair,sitting on the floor,open,closed,inactive,inactive,null
2018-05-01 07:33:37,blow drying hair,sitting on the floor,open,closed,inactive,inactive,null
2018-05-01 07:33:38,blow drying hair,sitting on the floor,open,closed,inactive,inactive,null
2018-05-01 07:33:39,blow drying hair,sitting on the floor,open,closed,inactive,inactive,null
2018-05-01 07:33:40,blow drying hair,sitting on the floor,open,closed,inactive,inactive,null
2018-05-01 07:33:41,blow drying hair,sitting on the floor,open,closed,inactive,inactive,null
2018-05-01 07:33:42,blow drying hair,sitting on the floor,open,closed,inactive,inactive,null
2018-05-01 07:33:43,blow drying hair,sitting on the floor,open,closed,inactive,inactive,null
2018-05-01 07:33:44,blow drying hair,sitting on the floor,open,closed,inactive,inactive,null
2018-05-01 07:33:45,blow drying hair,sitting on the floor,open,closed,inactive,inactive,null
2018-05-01 07:33:46,blow drying hair,sitting on the floor,open,closed,inactive,inactive,null
2018-05-01 07:33:47,blow drying hair,sitting on the floor,open,closed,inactive,inactive,null
2018-05-01 07:33:48,blow drying hair,sitting on the floor,open,closed,inactive,inactive,null
2018-05-01 07:33:49,blow drying hair,sitting on the floor,open,closed,inactive,inactive,null
2018-05-01 07:33:50,blow drying hair,sitting on the floor,open,closed,inactive,inactive,null
2018-05-01 07:33:51,blow drying hair,sitting on the floor,open,closed,inactive,inactive,null
2018-05-01 07:33:52,blow drying hair,sitting on the floor,open,closed,inactive,inactive,null
2018-05-01 07:33:53,blow drying hair,sitting on the floor,open,closed,inactive,inactive,null
2018-05-01 07:33:54,blow drying hair,sitting on the floor,open,closed,inactive,inactive,null
2018-05-01 07:33:55,blow drying hair,sitting on the floor,open,closed,inactive,inactive,null
2018-05-01 07:33:56,blow drying hair,sitting on the floor,open,closed,inactive,inactive,null
2018-05-01 07:33:57,blow drying hair,sitting on the floor,open,closed,inactive,inactive,null
2018-05-01 07:33:58,blow drying hair,sitting on the floor,open,closed,inactive,inactive,null
2018-05-01 07:33:59,blow drying hair,sitting on the floor,open,closed,inactive,inactive,null
2018-05-01 07:34:00,blow drying hair,sitting on the floor,open,closed,inactive,inactive,null
2018-05-01 07:34:01,blow drying hair,sitting on the floor,open,closed,inactive,inactive,null
2018-05-01 07:34:02,blow drying hair,sitting on the floor,open,closed,inactive,inactive,null
2018-05-01 07:34:03,blow drying hair,sitting on the floor,open,closed,inactive,inactive,null
2018-05-01 07:34:04,blow drying hair,sitting on the floor,open,closed,inactive,inactive,null
2018-05-01 07:34:05,blow drying hair,sitting on the floor,open,closed,inactive,inactive,null
2018-05-01 07:34:06,blow drying hair,sitting on the floor,open,closed,inactive,inactive,null
2018-05-01 07:34:07,blow drying hair,sitting on the floor,open,closed,inactive,inactive,null
2018-05-01 07:34:08,blow drying hair,sitting on the floor,open,closed,inactive,inactive,null
2018-05-01 07:34:09,blow drying hair,sitting on the floor,open,closed,inactive,inactive,null
2018-05-01 07:34:10,blow drying hair,sitting on the floor,open,closed,inactive,inactive,null
2018-05-01 07:34:11,blow drying hair,sitting on the floor,open,closed,inactive,inactive,null
2018-05-01 07:34:12,blow drying hair,sitting on the floor,open,closed,inactive,inactive,null
2018-05-01 07:34:13,blow drying hair,sitting on the floor,open,closed,inactive,inactive,null
2018-05-01 07:34:14,blow drying hair,sitting on the floor,open,closed,inactive,inactive,null
2018-05-01 07:34:15,blow drying hair,sitting on the floor,open,closed,inactive,inactive,null
2018-05-01 07:34:16,blow drying hair,sitting on the floor,open,closed,inactive,inactive,null
2018-05-01 07:34:17,blow drying hair,sitting on the floor,open,closed,inactive,inactive,null
2018-05-01 07:34:18,blow drying hair,sitting on the floor,open,closed,inactive,inactive,null
2018-05-01 07:34:19,blow drying hair,sitting on the floor,open,closed,inactive,inactive,null
2018-05-01 07:34:20,blow drying hair,sitting on the floor,open,closed,inactive,inactive,null
2018-05-01 07:34:21,blow drying hair,sitting on the floor,open,closed,inactive,inactive,null
2018-05-01 07:34:22,blow drying hair,sitting on the floor,open,closed,inactive,inactive,null
2018-05-01 07:34:23,blow drying hair,sitting on the floor,open,closed,inactive,inactive,null
2018-05-01 07:34:24,blow drying hair,sitting on the floor,open,closed,inactive,inactive,null
2018-05-01 07:34:25,blow drying hair,sitting on the floor,open,closed,inactive,inactive,null
2018-05-01 07:34:26,blow drying hair,sitting on the floor,open,closed,inactive,inactive,null
2018-05-01 07:34:27,blow drying hair,sitting on the floor,open,closed,inactive,inactive,null
2018-05-01 07:34:28,blow drying hair,sitting on the floor,open,closed,inactive,inactive,null
2018-05-01 07:34:29,blow drying hair,sitting on the floor,open,closed,inactive,inactive,null
2018-05-01 07:34:30,blow drying hair,sitting on the floor,open,closed,inactive,inactive,null
2018-05-01 07:34:31,blow drying hair,sitting on the floor,open,closed,inactive,inactive,null
2018-05-01 07:34:32,blow drying hair,sitting on the floor,open,closed,inactive,inactive,null
2018-05-01 07:34:33,blow drying hair,sitting on the floor,open,closed,inactive,inactive,null
2018-05-01 07:34:34,blow drying hair,sitting on the floor,open,closed,inactive,inactive,null
2018-05-01 07:34:35,blow drying hair,sitting on the floor,open,closed,inactive,inactive,null
2018-05-01 07:34:36,blow drying hair,sitting on the floor,open,closed,inactive,inactive,null
2018-05-01 07:34:37,blow drying hair,sitting on the floor,open,closed,inactive,inactive,null
2018-05-01 07:34:38,blow drying hair,sitting on the floor,open,closed,inactive,inactive,null
2018-05-01 07:34:39,blow drying hair,sitting on the floor,open,closed,inactive,inactive,null
2018-05-01 07:34:40,blow drying hair,sitting on the floor,open,closed,inactive,inactive,null
2018-05-01 07:34:41,blow drying hair,sitting on the floor,open,closed,inactive,inactive,null
2018-05-01 07:34:42,blow drying hair,sitting on the floor,open,closed,inactive,inactive,null
2018-05-01 07:34:43,blow drying hair,sitting on the floor,open,closed,inactive,inactive,null
2018-05-01 07:34:44,blow drying hair,sitting on the floor,open,closed,inactive,inactive,null
2018-05-01 07:34:45,blow drying hair,sitting on the floor,open,closed,inactive,inactive,null
2018-05-01 07:34:46,blow drying hair,sitting on the floor,open,closed,inactive,inactive,null
2018-05-01 07:34:47,blow drying hair,sitting on the floor,open,closed,inactive,inactive,null
2018-05-01 07:34:48,blow drying hair,sitting on the floor,open,closed,inactive,inactive,null
2018-05-01 07:34:49,blow drying hair,sitting on the floor,open,closed,inactive,inactive,null
2018-05-01 07:34:50,blow drying hair,sitting on the floor,open,closed,inactive,inactive,null
2018-05-01 07:34:51,blow drying hair,sitting on the floor,open,closed,inactive,inactive,null
2018-05-01 07:34:52,blow drying hair,sitting on the floor,open,closed,inactive,inactive,null
2018-05-01 07:34:53,blow drying hair,sitting on the floor,open,closed,inactive,inactive,null
2018-05-01 07:34:54,blow drying hair,sitting on the floor,open,closed,inactive,inactive,null
2018-05-01 07:34:55,blow drying hair,sitting on the floor,open,closed,inactive,inactive,null
2018-05-01 07:34:56,blow drying hair,sitting on the floor,open,closed,inactive,inactive,null
2018-05-01 07:34:57,blow drying hair,sitting on the floor,open,closed,inactive,inactive,null
2018-05-01 07:34:58,blow drying hair,sitting on the floor,open,closed,inactive,inactive,null
2018-05-01 07:34:59,blow drying hair,sitting on the floor,open,closed,inactive,inactive,null
2018-05-01 07:35:00,null,null,open,closed,inactive,inactive,null
2018-05-01 07:35:01,null,null,open,closed,inactive,inactive,null
2018-05-01 07:35:02,null,null,open,closed,inactive,inactive,null
2018-05-01 07:35:03,null,null,open,closed,inactive,inactive,null
2018-05-01 07:35:04,null,null,open,closed,inactive,inactive,null
2018-05-01 07:35:05,null,null,open,closed,inactive,inactive,null
2018-05-01 07:35:06,null,null,open,closed,inactive,inactive,null
2018-05-01 07:35:07,null,null,open,closed,inactive,inactive,null
2018-05-01 07:35:08,null,null,open,closed,inactive,inactive,null
2018-05-01 07:35:09,null,null,open,closed,inactive,inactive,null
2018-05-01 07:35:10,null,null,open,closed,inactive,inactive,null
2018-05-01 07:35:11,null,null,open,closed,inactive,inactive,null
2018-05-01 07:35:12,null,null,open,closed,inactive,inactive,null
2018-05-01 07:35:13,null,null,open,closed,inactive,inactive,null
2018-05-01 07:35:14,null,null,open,closed,inactive,inactive,null
2018-05-01 07:35:15,null,null,open,closed,inactive,inactive,null
2018-05-01 07:35:16,null,null,open,closed,inactive,inactive,null
2018-05-01 07:35:17,null,null,open,closed,inactive,inactive,null
2018-05-01 07:35:18,null,null,open,closed,inactive,inactive,null
2018-05-01 07:35:19,null,null,open,closed,inactive,inactive,null
2018-05-01 07:35:20,null,null,open,closed,inactive,inactive,null
2018-05-01 07:35:21,null,null,open,closed,inactive,inactive,null
2018-05-01 07:35:22,null,null,open,closed,inactive,inactive,null
2018-05-01 07:35:23,null,null,open,closed,inactive,inactive,null
2018-05-01 07:35:24,null,null,open,closed,inactive,inactive,null
2018-05-01 07:35:25,null,null,open,closed,inactive,inactive,null
2018-05-01 07:35:26,null,null,open,closed,inactive,inactive,null
2018-05-01 07:35:27,null,null,open,closed,inactive,inactive,null
2018-05-01 07:35:28,null,null,open,closed,inactive,inactive,null
2018-05-01 07:35:29,null,null,open,closed,inactive,inactive,null
2018-05-01 07:35:30,null,null,open,closed,inactive,inactive,null
2018-05-01 07:35:31,null,null,open,closed,inactive,inactive,null
2018-05-01 07:35:32,null,null,open,closed,inactive,inactive,null
2018-05-01 07:35:33,null,null,open,closed,inactive,inactive,null
2018-05-01 07:35:34,null,null,open,closed,inactive,inactive,null
2018-05-01 07:35:35,null,null,open,closed,inactive,inactive,null
2018-05-01 07:35:36,null,null,open,closed,inactive,inactive,null
2018-05-01 07:35:37,null,null,open,closed,inactive,inactive,null
2018-05-01 07:35:38,null,null,open,closed,inactive,inactive,null
2018-05-01 07:35:39,null,null,open,closed,inactive,inactive,null
2018-05-01 07:35:40,null,null,open,closed,inactive,inactive,null
2018-05-01 07:35:41,null,null,open,closed,inactive,inactive,null
2018-05-01 07:35:42,null,null,open,closed,inactive,inactive,null
2018-05-01 07:35:43,null,null,open,closed,inactive,inactive,null
2018-05-01 07:35:44,null,null,open,closed,inactive,inactive,null
2018-05-01 07:35:45,null,null,open,closed,inactive,inactive,null
2018-05-01 07:35:46,null,null,open,closed,inactive,inactive,null
2018-05-01 07:35:47,null,null,open,closed,inactive,inactive,null
2018-05-01 07:35:48,null,null,open,closed,inactive,inactive,null
2018-05-01 07:35:49,null,null,open,closed,inactive,inactive,null
2018-05-01 07:35:50,null,null,open,closed,inactive,inactive,null
2018-05-01 07:35:51,null,null,open,closed,inactive,inactive,null
2018-05-01 07:35:52,null,null,open,closed,inactive,inactive,null
2018-05-01 07:35:53,null,null,open,closed,inactive,inactive,null
2018-05-01 07:35:54,null,null,open,closed,inactive,inactive,null
2018-05-01 07:35:55,null,null,open,closed,inactive,inactive,null
2018-05-01 07:35:56,null,null,open,closed,inactive,inactive,null
2018-05-01 07:35:57,null,null,open,closed,inactive,inactive,null
2018-05-01 07:35:58,null,null,open,closed,inactive,inactive,null
2018-05-01 07:35:59,null,null,open,closed,inactive,inactive,null
2018-05-01 07:36:00,null,null,open,closed,inactive,inactive,null
2018-05-01 07:36:01,null,null,open,closed,inactive,inactive,null
2018-05-01 07:36:02,null,null,open,closed,inactive,inactive,null
2018-05-01 07:36:03,null,null,open,closed,inactive,inactive,null
2018-05-01 07:36:04,null,null,open,closed,inactive,inactive,null
2018-05-01 07:36:05,null,null,open,closed,inactive,inactive,null
2018-05-01 07:36:06,null,null,open,closed,inactive,inactive,null
2018-05-01 07:36:07,null,null,open,closed,inactive,inactive,null
2018-05-01 07:36:08,null,null,open,closed,inactive,inactive,null
2018-05-01 07:36:09,null,null,open,closed,inactive,inactive,null
2018-05-01 07:36:10,null,null,open,closed,inactive,inactive,null
2018-05-01 07:36:11,null,null,open,closed,inactive,inactive,null
2018-05-01 07:36:12,null,null,open,closed,inactive,inactive,null
2018-05-01 07:36:13,null,null,open,closed,inactive,inactive,null
2018-05-01 07:36:14,null,null,open,closed,inactive,inactive,null
2018-05-01 07:36:15,null,null,open,closed,inactive,inactive,null
2018-05-01 07:36:16,null,null,open,closed,inactive,inactive,null
2018-05-01 07:36:17,null,null,open,closed,inactive,inactive,null
2018-05-01 07:36:18,null,null,open,closed,inactive,inactive,null
2018-05-01 07:36:19,null,null,open,closed,inactive,inactive,null
2018-05-01 07:36:20,null,null,open,closed,inactive,inactive,null
2018-05-01 07:36:21,null,null,open,closed,inactive,inactive,null
2018-05-01 07:36:22,null,null,open,closed,inactive,inactive,null
2018-05-01 07:36:23,null,null,open,closed,inactive,inactive,null
2018-05-01 07:36:24,null,null,open,closed,inactive,inactive,null
2018-05-01 07:36:25,null,null,open,closed,inactive,inactive,null
2018-05-01 07:36:26,null,null,open,closed,inactive,inactive,null
2018-05-01 07:36:27,null,null,open,closed,inactive,inactive,null
2018-05-01 07:36:28,null,null,open,closed,inactive,inactive,null
2018-05-01 07:36:29,null,null,open,closed,inactive,inactive,null
2018-05-01 07:36:30,null,null,open,closed,inactive,inactive,null
2018-05-01 07:36:31,null,null,open,closed,inactive,inactive,null
2018-05-01 07:36:32,null,null,open,closed,inactive,inactive,null
2018-05-01 07:36:33,null,null,open,closed,inactive,inactive,null
2018-05-01 07:36:34,null,null,open,closed,inactive,inactive,null
2018-05-01 07:36:35,null,null,open,closed,inactive,inactive,null
2018-05-01 07:36:36,null,null,open,closed,inactive,inactive,null
2018-05-01 07:36:37,null,null,open,closed,inactive,inactive,null
2018-05-01 07:36:38,null,null,open,closed,inactive,inactive,null
2018-05-01 07:36:39,null,null,open,closed,inactive,inactive,null
2018-05-01 07:36:40,null,null,open,closed,inactive,inactive,null
2018-05-01 07:36:41,null,null,open,closed,inactive,inactive,null
2018-05-01 07:36:42,null,null,open,closed,inactive,inactive,null
2018-05-01 07:36:43,null,null,open,closed,inactive,inactive,null
2018-05-01 07:36:44,null,null,open,closed,inactive,inactive,null
2018-05-01 07:36:45,null,null,open,closed,inactive,inactive,null
2018-05-01 07:36:46,null,null,open,closed,inactive,inactive,null
2018-05-01 07:36:47,null,null,open,closed,inactive,inactive,null
2018-05-01 07:36:48,null,null,open,closed,inactive,inactive,null
2018-05-01 07:36:49,null,null,open,closed,inactive,inactive,null
2018-05-01 07:36:50,null,null,open,closed,inactive,inactive,null
2018-05-01 07:36:51,null,null,open,closed,inactive,inactive,null
2018-05-01 07:36:52,null,null,open,closed,inactive,inactive,null
2018-05-01 07:36:53,null,null,open,closed,inactive,inactive,null
2018-05-01 07:36:54,null,null,open,closed,inactive,inactive,null
2018-05-01 07:36:55,null,null,open,closed,inactive,inactive,null
2018-05-01 07:36:56,null,null,open,closed,inactive,inactive,null
2018-05-01 07:36:57,null,null,open,closed,inactive,inactive,null
2018-05-01 07:36:58,null,null,open,closed,inactive,inactive,null
2018-05-01 07:36:59,null,null,open,closed,inactive,inactive,null
2018-05-01 07:37:00,null,null,open,closed,inactive,inactive,null
2018-05-01 07:37:01,null,null,open,closed,inactive,inactive,null
2018-05-01 07:37:02,null,null,open,closed,inactive,inactive,null
2018-05-01 07:37:03,null,null,open,closed,inactive,inactive,null
2018-05-01 07:37:04,null,null,open,closed,inactive,inactive,null
2018-05-01 07:37:05,null,null,open,closed,inactive,inactive,null
2018-05-01 07:37:06,null,null,open,closed,inactive,inactive,null
2018-05-01 07:37:07,null,null,open,closed,inactive,inactive,null
2018-05-01 07:37:08,null,null,open,closed,inactive,inactive,null
2018-05-01 07:37:09,null,null,open,closed,inactive,inactive,null
2018-05-01 07:37:10,null,null,open,closed,inactive,inactive,null
2018-05-01 07:37:11,null,null,open,closed,inactive,inactive,null
2018-05-01 07:37:12,null,null,open,closed,inactive,inactive,null
2018-05-01 07:37:13,null,null,open,closed,inactive,inactive,null
2018-05-01 07:37:14,null,null,open,closed,inactive,inactive,null
2018-05-01 07:37:15,null,null,open,closed,inactive,inactive,null
2018-05-01 07:37:16,null,null,open,closed,inactive,inactive,null
2018-05-01 07:37:17,null,null,open,closed,inactive,inactive,null
2018-05-01 07:37:18,null,null,open,closed,inactive,inactive,null
2018-05-01 07:37:19,null,null,open,closed,inactive,inactive,null
2018-05-01 07:37:20,null,null,open,closed,inactive,inactive,null
2018-05-01 07:37:21,null,null,open,closed,inactive,inactive,null
2018-05-01 07:37:22,null,null,open,closed,inactive,inactive,null
2018-05-01 07:37:23,null,null,open,closed,inactive,inactive,null
2018-05-01 07:37:24,null,null,open,closed,inactive,inactive,null
2018-05-01 07:37:25,null,null,open,closed,inactive,inactive,null
2018-05-01 07:37:26,null,null,open,closed,inactive,inactive,null
2018-05-01 07:37:27,null,null,open,closed,inactive,inactive,null
2018-05-01 07:37:28,null,null,open,closed,inactive,inactive,null
2018-05-01 07:37:29,null,null,open,closed,inactive,inactive,null
2018-05-01 07:37:30,null,null,open,closed,inactive,inactive,null
2018-05-01 07:37:31,null,null,open,closed,inactive,inactive,null
2018-05-01 07:37:32,null,null,open,closed,inactive,inactive,null
2018-05-01 07:37:33,null,null,open,closed,inactive,inactive,null
2018-05-01 07:37:34,null,null,open,closed,inactive,inactive,null
2018-05-01 07:37:35,null,null,open,closed,inactive,inactive,null
2018-05-01 07:37:36,null,null,open,closed,inactive,inactive,null
2018-05-01 07:37:37,null,null,open,closed,inactive,inactive,null
2018-05-01 07:37:38,null,null,open,closed,inactive,inactive,null
2018-05-01 07:37:39,null,null,open,closed,inactive,inactive,null
2018-05-01 07:37:40,null,null,open,closed,inactive,inactive,null
2018-05-01 07:37:41,null,null,open,closed,inactive,inactive,null
2018-05-01 07:37:42,null,null,open,closed,inactive,inactive,null
2018-05-01 07:37:43,null,null,open,closed,inactive,inactive,null
2018-05-01 07:37:44,null,null,open,closed,inactive,inactive,null
2018-05-01 07:37:45,null,null,open,closed,inactive,inactive,null
2018-05-01 07:37:46,putting on cosmetics,sitting on the floor,open,closed,inactive,inactive,null
2018-05-01 07:37:47,putting on cosmetics,sitting on the floor,open,closed,inactive,inactive,null
2018-05-01 07:37:48,putting on cosmetics,sitting on the floor,open,closed,inactive,inactive,null
2018-05-01 07:37:49,putting on cosmetics,sitting on the floor,open,closed,inactive,inactive,null
2018-05-01 07:37:50,putting on cosmetics,sitting on the floor,open,closed,inactive,inactive,null
2018-05-01 07:37:51,putting on cosmetics,sitting on the floor,open,closed,inactive,inactive,null
2018-05-01 07:37:52,putting on cosmetics,sitting on the floor,open,closed,inactive,inactive,null
2018-05-01 07:37:53,putting on cosmetics,sitting on the floor,open,closed,inactive,inactive,null
2018-05-01 07:37:54,putting on cosmetics,sitting on the floor,open,closed,inactive,inactive,null
2018-05-01 07:37:55,putting on cosmetics,sitting on the floor,open,closed,inactive,inactive,null
2018-05-01 07:37:56,putting on cosmetics,sitting on the floor,open,closed,inactive,inactive,null
2018-05-01 07:37:57,putting on cosmetics,sitting on the floor,open,closed,inactive,inactive,null
2018-05-01 07:37:58,putting on cosmetics,sitting on the floor,open,closed,inactive,inactive,null
2018-05-01 07:37:59,putting on cosmetics,sitting on the floor,open,closed,inactive,inactive,null
2018-05-01 07:38:00,putting on cosmetics,sitting on the floor,open,closed,inactive,inactive,null
2018-05-01 07:38:01,putting on cosmetics,sitting on the floor,open,closed,inactive,inactive,null
2018-05-01 07:38:02,putting on cosmetics,sitting on the floor,open,closed,inactive,inactive,null
2018-05-01 07:38:03,putting on cosmetics,sitting on the floor,open,closed,inactive,inactive,null
2018-05-01 07:38:04,putting on cosmetics,sitting on the floor,open,closed,inactive,inactive,null
2018-05-01 07:38:05,putting on cosmetics,sitting on the floor,open,closed,inactive,inactive,null
2018-05-01 07:38:06,putting on cosmetics,sitting on the floor,open,closed,inactive,inactive,null
2018-05-01 07:38:07,putting on cosmetics,sitting on the floor,open,closed,inactive,inactive,null
2018-05-01 07:38:08,putting on cosmetics,sitting on the floor,open,closed,inactive,inactive,null
2018-05-01 07:38:09,putting on cosmetics,sitting on the floor,open,closed,inactive,inactive,null
2018-05-01 07:38:10,putting on cosmetics,sitting on the floor,open,closed,inactive,inactive,null
2018-05-01 07:38:11,putting on cosmetics,sitting on the floor,open,closed,inactive,inactive,null
2018-05-01 07:38:12,putting on cosmetics,sitting on the floor,open,closed,inactive,inactive,null
2018-05-01 07:38:13,putting on cosmetics,sitting on the floor,open,closed,inactive,inactive,null
2018-05-01 07:38:14,putting on cosmetics,sitting on the floor,open,closed,inactive,inactive,null
2018-05-01 07:38:15,putting on cosmetics,sitting on the floor,open,closed,inactive,inactive,null
2018-05-01 07:38:16,putting on cosmetics,sitting on the floor,open,closed,inactive,inactive,null
2018-05-01 07:38:17,putting on cosmetics,sitting on the floor,open,closed,inactive,inactive,null
2018-05-01 07:38:18,putting on cosmetics,sitting on the floor,open,closed,inactive,inactive,null
2018-05-01 07:38:19,putting on cosmetics,sitting on the floor,open,closed,inactive,inactive,null
2018-05-01 07:38:20,putting on cosmetics,sitting on the floor,open,closed,inactive,inactive,null
2018-05-01 07:38:21,putting on cosmetics,sitting on the floor,open,closed,inactive,inactive,null
2018-05-01 07:38:22,putting on cosmetics,sitting on the floor,open,closed,inactive,inactive,null
2018-05-01 07:38:23,putting on cosmetics,sitting on the floor,open,closed,inactive,inactive,null
2018-05-01 07:38:24,putting on cosmetics,sitting on the floor,open,closed,inactive,inactive,null
2018-05-01 07:38:25,putting on cosmetics,sitting on the floor,open,closed,inactive,inactive,null
2018-05-01 07:38:26,putting on cosmetics,sitting on the floor,open,closed,inactive,inactive,null
2018-05-01 07:38:27,putting on cosmetics,sitting on the floor,open,closed,inactive,inactive,null
2018-05-01 07:38:28,putting on cosmetics,sitting on the floor,open,closed,inactive,inactive,null
2018-05-01 07:38:29,putting on cosmetics,sitting on the floor,open,closed,inactive,inactive,null
2018-05-01 07:38:30,putting on cosmetics,sitting on the floor,open,closed,inactive,inactive,null
2018-05-01 07:38:31,putting on cosmetics,sitting on the floor,open,closed,inactive,inactive,null
2018-05-01 07:38:32,putting on cosmetics,sitting on the floor,open,closed,inactive,inactive,null
2018-05-01 07:38:33,putting on cosmetics,sitting on the floor,open,closed,inactive,inactive,null
2018-05-01 07:38:34,putting on cosmetics,sitting on the floor,open,closed,inactive,inactive,null
2018-05-01 07:38:35,putting on cosmetics,sitting on the floor,open,closed,inactive,inactive,null
2018-05-01 07:38:36,putting on cosmetics,sitting on the floor,open,closed,inactive,inactive,null
2018-05-01 07:38:37,putting on cosmetics,sitting on the floor,open,closed,inactive,inactive,null
2018-05-01 07:38:38,putting on cosmetics,sitting on the floor,open,closed,inactive,inactive,null
2018-05-01 07:38:39,putting on cosmetics,sitting on the floor,open,closed,inactive,inactive,null
2018-05-01 07:38:40,putting on cosmetics,sitting on the floor,open,closed,inactive,inactive,null
2018-05-01 07:38:41,putting on cosmetics,sitting on the floor,open,closed,inactive,inactive,null
2018-05-01 07:38:42,putting on cosmetics,sitting on the floor,open,closed,inactive,inactive,null
2018-05-01 07:38:43,putting on cosmetics,sitting on the floor,open,closed,inactive,inactive,null
2018-05-01 07:38:44,putting on cosmetics,sitting on the floor,open,closed,inactive,inactive,null
2018-05-01 07:38:45,putting on cosmetics,sitting on the floor,open,closed,inactive,inactive,null
2018-05-01 07:38:46,putting on cosmetics,sitting on the floor,open,closed,inactive,inactive,null
2018-05-01 07:38:47,putting on cosmetics,sitting on the floor,open,closed,inactive,inactive,null
2018-05-01 07:38:48,putting on cosmetics,sitting on the floor,open,closed,inactive,inactive,null
2018-05-01 07:38:49,putting on cosmetics,sitting on the floor,open,closed,inactive,inactive,null
2018-05-01 07:38:50,putting on cosmetics,sitting on the floor,open,closed,inactive,inactive,null
2018-05-01 07:38:51,putting on cosmetics,sitting on the floor,open,closed,inactive,inactive,null
2018-05-01 07:38:52,putting on cosmetics,sitting on the floor,open,closed,inactive,inactive,null
2018-05-01 07:38:53,putting on cosmetics,sitting on the floor,open,closed,inactive,inactive,null
2018-05-01 07:38:54,putting on cosmetics,sitting on the floor,open,closed,inactive,inactive,null
2018-05-01 07:38:55,putting on cosmetics,sitting on the floor,open,closed,inactive,inactive,null
2018-05-01 07:38:56,putting on cosmetics,sitting on the floor,open,closed,inactive,inactive,null
2018-05-01 07:38:57,putting on cosmetics,sitting on the floor,open,closed,inactive,inactive,null
2018-05-01 07:38:58,putting on cosmetics,sitting on the floor,open,closed,inactive,inactive,null
2018-05-01 07:38:59,putting on cosmetics,sitting on the floor,open,closed,inactive,inactive,null
2018-05-01 07:39:00,null,null,open,closed,inactive,inactive,null
2018-05-01 07:39:01,null,null,open,closed,inactive,inactive,null
2018-05-01 07:39:02,null,null,open,closed,inactive,inactive,null
2018-05-01 07:39:03,null,null,open,closed,inactive,inactive,null
2018-05-01 07:39:04,putting on cosmetics,sitting on the floor,open,closed,inactive,inactive,null
2018-05-01 07:39:05,putting on cosmetics,sitting on the floor,open,closed,inactive,inactive,null
2018-05-01 07:39:06,putting on cosmetics,sitting on the floor,open,closed,inactive,inactive,null
2018-05-01 07:39:07,putting on cosmetics,sitting on the floor,open,closed,inactive,inactive,null
2018-05-01 07:39:08,putting on cosmetics,sitting on the floor,open,closed,inactive,inactive,null
2018-05-01 07:39:09,putting on cosmetics,sitting on the floor,open,closed,inactive,inactive,null
2018-05-01 07:39:10,putting on cosmetics,sitting on the floor,open,closed,inactive,inactive,null
2018-05-01 07:39:11,putting on cosmetics,sitting on the floor,open,closed,inactive,inactive,null
2018-05-01 07:39:12,putting on cosmetics,sitting on the floor,open,closed,inactive,inactive,null
2018-05-01 07:39:13,putting on cosmetics,sitting on the floor,open,closed,inactive,inactive,null
2018-05-01 07:39:14,putting on cosmetics,sitting on the floor,open,closed,inactive,inactive,null
2018-05-01 07:39:15,putting on cosmetics,sitting on the floor,open,closed,inactive,inactive,null
2018-05-01 07:39:16,putting on cosmetics,sitting on the floor,open,closed,inactive,inactive,null
2018-05-01 07:39:17,putting on cosmetics,sitting on the floor,open,closed,inactive,inactive,null
2018-05-01 07:39:18,putting on cosmetics,sitting on the floor,open,closed,inactive,inactive,null
2018-05-01 07:39:19,putting on cosmetics,sitting on the floor,open,closed,inactive,inactive,null
2018-05-01 07:39:20,putting on cosmetics,sitting on the floor,open,closed,inactive,inactive,null
2018-05-01 07:39:21,putting on cosmetics,sitting on the floor,open,closed,inactive,inactive,null
2018-05-01 07:39:22,putting on cosmetics,sitting on the floor,open,closed,inactive,inactive,null
2018-05-01 07:39:23,putting on cosmetics,sitting on the floor,open,closed,inactive,inactive,null
2018-05-01 07:39:24,putting on cosmetics,sitting on the floor,open,closed,inactive,inactive,null
2018-05-01 07:39:25,putting on cosmetics,sitting on the floor,open,closed,inactive,inactive,null
2018-05-01 07:39:26,putting on cosmetics,sitting on the floor,open,closed,inactive,inactive,null
2018-05-01 07:39:27,putting on cosmetics,sitting on the floor,open,closed,inactive,inactive,null
2018-05-01 07:39:28,putting on cosmetics,sitting on the floor,open,closed,inactive,inactive,null
2018-05-01 07:39:29,putting on cosmetics,sitting on the floor,open,closed,inactive,inactive,null
2018-05-01 07:39:30,putting on cosmetics,sitting on the floor,open,closed,inactive,inactive,null
2018-05-01 07:39:31,putting on cosmetics,sitting on the floor,open,closed,inactive,inactive,null
2018-05-01 07:39:32,putting on cosmetics,sitting on the floor,open,closed,inactive,inactive,null
2018-05-01 07:39:33,putting on cosmetics,sitting on the floor,open,closed,inactive,inactive,null
2018-05-01 07:39:34,putting on cosmetics,sitting on the floor,open,closed,inactive,inactive,null
2018-05-01 07:39:35,putting on cosmetics,sitting on the floor,open,closed,inactive,inactive,null
2018-05-01 07:39:36,putting on cosmetics,sitting on the floor,open,closed,inactive,inactive,null
2018-05-01 07:39:37,putting on cosmetics,sitting on the floor,open,closed,inactive,inactive,null
2018-05-01 07:39:38,putting on cosmetics,sitting on the floor,open,closed,inactive,inactive,null
2018-05-01 07:39:39,putting on cosmetics,sitting on the floor,open,closed,inactive,inactive,null
2018-05-01 07:39:40,putting on cosmetics,sitting on the floor,open,closed,inactive,inactive,null
2018-05-01 07:39:41,putting on cosmetics,sitting on the floor,open,closed,inactive,inactive,null
2018-05-01 07:39:42,putting on cosmetics,sitting on the floor,open,closed,inactive,inactive,null
2018-05-01 07:39:43,putting on cosmetics,sitting on the floor,open,closed,inactive,inactive,null
2018-05-01 07:39:44,putting on cosmetics,sitting on the floor,open,closed,inactive,inactive,null
2018-05-01 07:39:45,putting on cosmetics,sitting on the floor,open,closed,inactive,inactive,null
2018-05-01 07:39:46,putting on cosmetics,sitting on the floor,open,closed,inactive,inactive,null
2018-05-01 07:39:47,putting on cosmetics,sitting on the floor,open,closed,inactive,inactive,null
2018-05-01 07:39:48,putting on cosmetics,sitting on the floor,open,closed,inactive,inactive,null
2018-05-01 07:39:49,putting on cosmetics,sitting on the floor,open,closed,inactive,inactive,null
2018-05-01 07:39:50,putting on cosmetics,sitting on the floor,open,closed,inactive,inactive,null
2018-05-01 07:39:51,putting on cosmetics,sitting on the floor,open,closed,inactive,inactive,null
2018-05-01 07:39:52,putting on cosmetics,sitting on the floor,open,closed,inactive,inactive,null
2018-05-01 07:39:53,putting on cosmetics,sitting on the floor,open,closed,inactive,inactive,null
2018-05-01 07:39:54,putting on cosmetics,sitting on the floor,open,closed,inactive,inactive,null
2018-05-01 07:39:55,putting on cosmetics,sitting on the floor,open,closed,inactive,inactive,null
2018-05-01 07:39:56,putting on cosmetics,sitting on the floor,open,closed,inactive,inactive,null
2018-05-01 07:39:57,putting on cosmetics,sitting on the floor,open,closed,inactive,inactive,null
2018-05-01 07:39:58,putting on cosmetics,sitting on the floor,open,closed,inactive,inactive,null
2018-05-01 07:39:59,putting on cosmetics,sitting on the floor,open,closed,inactive,inactive,null
2018-05-01 07:40:00,null,null,open,closed,inactive,inactive,null
2018-05-01 07:40:01,null,null,open,closed,inactive,inactive,null
2018-05-01 07:40:02,null,null,open,closed,inactive,inactive,null
2018-05-01 07:40:03,null,null,open,closed,inactive,inactive,null
2018-05-01 07:40:04,null,null,open,closed,inactive,inactive,null
2018-05-01 07:40:05,putting on cosmetics,sitting on the floor,open,closed,inactive,inactive,null
2018-05-01 07:40:06,putting on cosmetics,sitting on the floor,open,closed,inactive,inactive,null
2018-05-01 07:40:07,putting on cosmetics,sitting on the floor,open,closed,inactive,inactive,null
2018-05-01 07:40:08,putting on cosmetics,sitting on the floor,open,closed,inactive,inactive,null
2018-05-01 07:40:09,putting on cosmetics,sitting on the floor,open,closed,inactive,inactive,null
2018-05-01 07:40:10,putting on cosmetics,sitting on the floor,open,closed,inactive,inactive,null
2018-05-01 07:40:11,putting on cosmetics,sitting on the floor,open,closed,inactive,inactive,null
2018-05-01 07:40:12,putting on cosmetics,sitting on the floor,open,closed,inactive,inactive,null
2018-05-01 07:40:13,putting on cosmetics,sitting on the floor,open,closed,inactive,inactive,null
2018-05-01 07:40:14,putting on cosmetics,sitting on the floor,open,closed,inactive,inactive,null
2018-05-01 07:40:15,putting on cosmetics,sitting on the floor,open,closed,inactive,inactive,null
2018-05-01 07:40:16,putting on cosmetics,sitting on the floor,open,closed,inactive,inactive,null
2018-05-01 07:40:17,putting on cosmetics,sitting on the floor,open,closed,inactive,inactive,null
2018-05-01 07:40:18,putting on cosmetics,sitting on the floor,open,closed,inactive,inactive,null
2018-05-01 07:40:19,putting on cosmetics,sitting on the floor,open,closed,inactive,inactive,null
2018-05-01 07:40:20,putting on cosmetics,sitting on the floor,open,closed,inactive,inactive,null
2018-05-01 07:40:21,putting on cosmetics,sitting on the floor,open,closed,inactive,inactive,null
2018-05-01 07:40:22,putting on cosmetics,sitting on the floor,open,closed,inactive,inactive,null
2018-05-01 07:40:23,putting on cosmetics,sitting on the floor,open,closed,inactive,inactive,null
2018-05-01 07:40:24,putting on cosmetics,sitting on the floor,open,closed,inactive,inactive,null
2018-05-01 07:40:25,putting on cosmetics,sitting on the floor,open,closed,inactive,inactive,null
2018-05-01 07:40:26,putting on cosmetics,sitting on the floor,open,closed,inactive,inactive,null
2018-05-01 07:40:27,putting on cosmetics,sitting on the floor,open,closed,inactive,inactive,null
2018-05-01 07:40:28,putting on cosmetics,sitting on the floor,open,closed,inactive,inactive,null
2018-05-01 07:40:29,putting on cosmetics,sitting on the floor,open,closed,inactive,inactive,null
2018-05-01 07:40:30,putting on cosmetics,sitting on the floor,open,closed,inactive,inactive,null
2018-05-01 07:40:31,putting on cosmetics,sitting on the floor,open,closed,inactive,inactive,null
2018-05-01 07:40:32,putting on cosmetics,sitting on the floor,open,closed,inactive,inactive,null
2018-05-01 07:40:33,putting on cosmetics,sitting on the floor,open,closed,inactive,inactive,null
2018-05-01 07:40:34,putting on cosmetics,sitting on the floor,open,closed,inactive,inactive,null
2018-05-01 07:40:35,putting on cosmetics,sitting on the floor,open,closed,inactive,inactive,null
2018-05-01 07:40:36,putting on cosmetics,sitting on the floor,open,closed,inactive,inactive,null
2018-05-01 07:40:37,putting on cosmetics,sitting on the floor,open,closed,inactive,inactive,null
2018-05-01 07:40:38,putting on cosmetics,sitting on the floor,open,closed,inactive,inactive,null
2018-05-01 07:40:39,putting on cosmetics,sitting on the floor,open,closed,inactive,inactive,null
2018-05-01 07:40:40,putting on cosmetics,sitting on the floor,open,closed,inactive,inactive,null
2018-05-01 07:40:41,putting on cosmetics,sitting on the floor,open,closed,inactive,inactive,null
2018-05-01 07:40:42,putting on cosmetics,sitting on the floor,open,closed,inactive,inactive,null
2018-05-01 07:40:43,putting on cosmetics,sitting on the floor,open,closed,inactive,inactive,null
2018-05-01 07:40:44,putting on cosmetics,sitting on the floor,open,closed,inactive,inactive,null
2018-05-01 07:40:45,putting on cosmetics,sitting on the floor,open,closed,inactive,inactive,null
2018-05-01 07:40:46,putting on cosmetics,sitting on the floor,open,closed,inactive,inactive,null
2018-05-01 07:40:47,putting on cosmetics,sitting on the floor,open,closed,inactive,inactive,null
2018-05-01 07:40:48,putting on cosmetics,sitting on the floor,open,closed,inactive,inactive,null
2018-05-01 07:40:49,putting on cosmetics,sitting on the floor,open,closed,inactive,inactive,null
2018-05-01 07:40:50,putting on cosmetics,sitting on the floor,open,closed,inactive,inactive,null
2018-05-01 07:40:51,putting on cosmetics,sitting on the floor,open,closed,inactive,inactive,null
2018-05-01 07:40:52,putting on cosmetics,sitting on the floor,open,closed,inactive,inactive,null
2018-05-01 07:40:53,putting on cosmetics,sitting on the floor,open,closed,inactive,inactive,null
2018-05-01 07:40:54,putting on cosmetics,sitting on the floor,open,closed,inactive,inactive,null
2018-05-01 07:40:55,putting on cosmetics,sitting on the floor,open,closed,inactive,inactive,null
2018-05-01 07:40:56,putting on cosmetics,sitting on the floor,open,closed,inactive,inactive,null
2018-05-01 07:40:57,putting on cosmetics,sitting on the floor,open,closed,inactive,inactive,null
2018-05-01 07:40:58,putting on cosmetics,sitting on the floor,open,closed,inactive,inactive,null
2018-05-01 07:40:59,putting on cosmetics,sitting on the floor,open,closed,inactive,inactive,null
2018-05-01 07:41:00,null,null,open,closed,inactive,inactive,null
2018-05-01 07:41:01,null,null,open,closed,inactive,inactive,null
2018-05-01 07:41:02,null,null,open,closed,inactive,inactive,null
2018-05-01 07:41:03,null,null,open,closed,inactive,inactive,null
2018-05-01 07:41:04,null,null,open,closed,inactive,inactive,null
2018-05-01 07:41:05,null,null,open,closed,inactive,inactive,null
2018-05-01 07:41:06,null,null,open,closed,inactive,inactive,null
2018-05-01 07:41:07,null,null,open,closed,inactive,inactive,null
2018-05-01 07:41:08,null,null,open,closed,inactive,inactive,null
2018-05-01 07:41:09,null,null,open,closed,inactive,inactive,null
2018-05-01 07:41:10,null,null,open,closed,inactive,inactive,null
2018-05-01 07:41:11,null,null,open,closed,inactive,inactive,null
2018-05-01 07:41:12,null,null,open,closed,inactive,inactive,null
2018-05-01 07:41:13,null,null,open,closed,inactive,inactive,null
2018-05-01 07:41:14,null,null,open,closed,inactive,inactive,null
2018-05-01 07:41:15,null,null,open,closed,inactive,inactive,null
2018-05-01 07:41:16,putting on cosmetics,sitting on the floor,open,closed,inactive,inactive,null
2018-05-01 07:41:17,putting on cosmetics,sitting on the floor,open,closed,inactive,inactive,null
2018-05-01 07:41:18,putting on cosmetics,sitting on the floor,open,closed,inactive,inactive,null
2018-05-01 07:41:19,putting on cosmetics,sitting on the floor,open,closed,inactive,inactive,null
2018-05-01 07:41:20,putting on cosmetics,sitting on the floor,open,closed,inactive,inactive,null
2018-05-01 07:41:21,putting on cosmetics,sitting on the floor,open,closed,inactive,inactive,null
2018-05-01 07:41:22,putting on cosmetics,sitting on the floor,open,closed,inactive,inactive,null
2018-05-01 07:41:23,putting on cosmetics,sitting on the floor,open,closed,inactive,inactive,null
2018-05-01 07:41:24,putting on cosmetics,sitting on the floor,open,closed,inactive,inactive,null
2018-05-01 07:41:25,putting on cosmetics,sitting on the floor,open,closed,inactive,inactive,null
2018-05-01 07:41:26,putting on cosmetics,sitting on the floor,open,closed,inactive,inactive,null
2018-05-01 07:41:27,putting on cosmetics,sitting on the floor,open,closed,inactive,inactive,null
2018-05-01 07:41:28,putting on cosmetics,sitting on the floor,open,closed,inactive,inactive,null
2018-05-01 07:41:29,putting on cosmetics,sitting on the floor,open,closed,inactive,inactive,null
2018-05-01 07:41:30,putting on cosmetics,sitting on the floor,open,closed,inactive,inactive,null
2018-05-01 07:41:31,putting on cosmetics,sitting on the floor,open,closed,inactive,inactive,null
2018-05-01 07:41:32,putting on cosmetics,sitting on the floor,open,closed,inactive,inactive,null
2018-05-01 07:41:33,putting on cosmetics,sitting on the floor,open,closed,inactive,inactive,null
2018-05-01 07:41:34,putting on cosmetics,sitting on the floor,open,closed,inactive,inactive,null
2018-05-01 07:41:35,putting on cosmetics,sitting on the floor,open,closed,inactive,inactive,null
2018-05-01 07:41:36,putting on cosmetics,sitting on the floor,open,closed,inactive,inactive,null
2018-05-01 07:41:37,putting on cosmetics,sitting on the floor,open,closed,inactive,inactive,null
2018-05-01 07:41:38,putting on cosmetics,sitting on the floor,open,closed,inactive,inactive,null
2018-05-01 07:41:39,putting on cosmetics,sitting on the floor,open,closed,inactive,inactive,null
2018-05-01 07:41:40,putting on cosmetics,sitting on the floor,open,closed,inactive,inactive,null
2018-05-01 07:41:41,putting on cosmetics,sitting on the floor,open,closed,inactive,inactive,null
2018-05-01 07:41:42,putting on cosmetics,sitting on the floor,open,closed,inactive,inactive,null
2018-05-01 07:41:43,putting on cosmetics,sitting on the floor,open,closed,inactive,inactive,null
2018-05-01 07:41:44,putting on cosmetics,sitting on the floor,open,closed,inactive,inactive,null
2018-05-01 07:41:45,putting on cosmetics,sitting on the floor,open,closed,inactive,inactive,null
2018-05-01 07:41:46,putting on cosmetics,sitting on the floor,open,closed,inactive,inactive,null
2018-05-01 07:41:47,putting on cosmetics,sitting on the floor,open,closed,inactive,inactive,null
2018-05-01 07:41:48,putting on cosmetics,sitting on the floor,open,closed,inactive,inactive,null
2018-05-01 07:41:49,putting on cosmetics,sitting on the floor,open,closed,inactive,inactive,null
2018-05-01 07:41:50,putting on cosmetics,sitting on the floor,open,closed,inactive,inactive,null
2018-05-01 07:41:51,putting on cosmetics,sitting on the floor,open,closed,inactive,inactive,null
2018-05-01 07:41:52,putting on cosmetics,sitting on the floor,open,closed,inactive,inactive,null
2018-05-01 07:41:53,putting on cosmetics,sitting on the floor,open,closed,inactive,inactive,null
2018-05-01 07:41:54,putting on cosmetics,sitting on the floor,open,closed,inactive,inactive,null
2018-05-01 07:41:55,putting on cosmetics,sitting on the floor,open,closed,inactive,inactive,null
2018-05-01 07:41:56,putting on cosmetics,sitting on the floor,open,closed,inactive,inactive,null
2018-05-01 07:41:57,putting on cosmetics,sitting on the floor,open,closed,inactive,inactive,null
2018-05-01 07:41:58,putting on cosmetics,sitting on the floor,open,closed,inactive,inactive,null
2018-05-01 07:41:59,putting on cosmetics,sitting on the floor,open,closed,inactive,inactive,null
2018-05-01 07:42:00,putting on cosmetics,sitting on the floor,open,closed,inactive,inactive,null
2018-05-01 07:42:01,putting on cosmetics,sitting on the floor,open,closed,inactive,inactive,null
2018-05-01 07:42:02,putting on cosmetics,sitting on the floor,open,closed,inactive,inactive,null
2018-05-01 07:42:03,putting on cosmetics,sitting on the floor,open,closed,inactive,inactive,null
2018-05-01 07:42:04,putting on cosmetics,sitting on the floor,open,closed,inactive,inactive,null
2018-05-01 07:42:05,putting on cosmetics,sitting on the floor,open,closed,inactive,inactive,null
2018-05-01 07:42:06,putting on cosmetics,sitting on the floor,open,closed,inactive,inactive,null
2018-05-01 07:42:07,putting on cosmetics,sitting on the floor,open,closed,inactive,inactive,null
2018-05-01 07:42:08,putting on cosmetics,sitting on the floor,open,closed,inactive,inactive,null
2018-05-01 07:42:09,putting on cosmetics,sitting on the floor,open,closed,inactive,inactive,null
2018-05-01 07:42:10,putting on cosmetics,sitting on the floor,open,closed,inactive,inactive,null
2018-05-01 07:42:11,putting on cosmetics,sitting on the floor,open,closed,inactive,inactive,null
2018-05-01 07:42:12,putting on cosmetics,sitting on the floor,open,closed,inactive,inactive,null
2018-05-01 07:42:13,putting on cosmetics,sitting on the floor,open,closed,inactive,inactive,null
2018-05-01 07:42:14,putting on cosmetics,sitting on the floor,open,closed,inactive,inactive,null
2018-05-01 07:42:15,putting on cosmetics,sitting on the floor,open,closed,inactive,inactive,null
2018-05-01 07:42:16,putting on cosmetics,sitting on the floor,open,closed,inactive,inactive,null
2018-05-01 07:42:17,putting on cosmetics,sitting on the floor,open,closed,inactive,inactive,null
2018-05-01 07:42:18,putting on cosmetics,sitting on the floor,open,closed,inactive,inactive,null
2018-05-01 07:42:19,putting on cosmetics,sitting on the floor,open,closed,inactive,inactive,null
2018-05-01 07:42:20,putting on cosmetics,sitting on the floor,open,closed,inactive,inactive,null
2018-05-01 07:42:21,putting on cosmetics,sitting on the floor,open,closed,inactive,inactive,null
2018-05-01 07:42:22,putting on cosmetics,sitting on the floor,open,closed,inactive,inactive,null
2018-05-01 07:42:23,putting on cosmetics,sitting on the floor,open,closed,inactive,inactive,null
2018-05-01 07:42:24,putting on cosmetics,sitting on the floor,open,closed,inactive,inactive,null
2018-05-01 07:42:25,putting on cosmetics,sitting on the floor,open,closed,inactive,inactive,null
